Project Name,Name,Scenario,Dataset,Generated CQs
Polifonia,," Persona
Linka is a researcher in Computer Science.
Goal
Keywords: music data, multi-modal data, knowledge discovery
Linka is interested in finding and describing music-related data of heterogeneous types and formats from different sources. Thanks to the ability to represent diverse content, her main goal is to inter-relate music data so as to enable large scale experiments for knowledge discovery.
Scenario
Linka is carrying out a lot of manual work to find music data on the Web from different datasets, catalogues, platforms and services. In addition, all this data needs to be carefully inspected so that information retrieved from a certain source is matched to that of another source, in a consistent manner. Although this can be done for a few musical objects of interest (e.g. information related to an album), the analytical and manual process becomes unmanageable and tremendously time-consuming when the scope of the analysis increases (e.g. hundreds of songs). In turn, this jeopardises the possibility of conducting large scale computational studies, which are fundamental for knowledge discovery -- establishing links among musical objects and entities to unveil novel relationships[^1].
Thanks to Polifonia, Linka will be able to perform all the aforementioned operations in an automatic manner and with little supervision. Starting from some desiderata -- names of artists, composers, musical pieces, albums -- the system will attempt to find pertinent music-related data from a specific set of resources (see below). Besides the computational requirements of the system for finding relevant content, this requires to semantically describe the retrieved data.
Example Data
For simplicity, music-related data can be categorised as: cataloguing information, musical features, musical facts, and musical relationships.
Cataloguing information
Information needed to identify a musical work as well as its relationships with the recordings that are derived from it. For example:
""Penny Lane"" is a musical work by ""The Beatles"",
""Penny Lane"" was composed by ""John Lennon"" and ""Paul McCartney"";
The first recording of ""Penny Lane"" was released in February 1967 as a double A-side single with ""Strawberry Fields Forever"".
Linka is interested in tracing the basic discographic information associated to the recordings of a certain musical work, including: the year of release, the name of the release, the place of recording, the instruments/performers relationships, and the vocals. Example data to address this category can be found from MusicBrainz and Wikidata.
The specific track of ""Penny Lane"" featured in the album ""Strawberry Fields Forever"" was recorded in ""Abbey Road Studios: Studio 2"" in ""St John's Wood, Westminster, London (UK)"" on 1966-12-29, 1967-01-05, 1967-01-06, 1967-01-09, and 1967-01-17.
The album ""Strawberry Fields Forever"" has been originally released in the UK on 1967-02-17.
The background and lead vocals of ""Penny Lane"" are by ""Paul McCartney"".
The ""tambourine"" is played by ""Ringo Starr"".
Musical features
Musical features can range from simple tags associated with a musical work or a recording (e.g. genre, style) to the tonality, tempo, and lyrics of the piece. Music tags are generally provided by all databases mentioned in the Resources section below; tonality and tempo are given by Wikidata and MusicBrainz through [AcousticBrainz][-2]; lyrics are provided by Genius and SongFacts. Please, note that Linka aims at modelling lyrics at the sentence level (bottom level) and also at the sectional level (top level). This last consideration is not fully captured by the example reported below, although the data provided by Genius and SongFacts allows for this organisation.
The musical work ""Penny Lane"" has genres/style ""baroque pop"" and ""psychedelic pop"".
The ""original mono studio mix"" of ""Penny Lane"" featured in ""Strawberry Fields Forever"" is in B minor (tonality = key + scale) and its tempo is 115 BPM.
The (original) lyrics of ""Penny Lane"" are ""In Penny Lane there is a barber showing photographs + ""\n"" + Of every head he's had the pleasure to know ...""
Musical facts
These are usually considered as textual explanations of the lyrics (e.g. ""Four of fish and finger pies"" in ""Penny Lane"" is explained by Genius as a ""common order size for fish and chips, that is what you could get with four pence...""), curiosities on the composition process (e.g. ""The piquant trumpet part was added after the rest of the song was finished.""), pertinent artist-related facts (e.g. ""Lennon's mother Julia at one time worked as a cinema usher and a waitress in Penny Lane.""), but also relationships to places and their meaning in the lyrics (e.g. ""Penny Lane, Liverpool, England""). These can be found from Genius and SongFacts.
Musical relationships
Establishing connections among pieces and recordings based on objective and/or subjective criteria and musical properties. These include derivative works (e.g. covers, medleys, mesh-ups), and sampling relationships where a certain musical pattern -- originally set/induced in a musical work, is found in other pieces. Examples of the former can be found from SecondHandSongs and MusicBrainz, whereas WhoSampled provides data for the latter.
""Penny Lane"" is referred to in the following medleys: ""A Liverpool Day"", ""She's leaving home / Penny Lane"" and ""The Music of the Beatles"".
""Penny Lane"" was translated in Finnish with ""Rööperiin"".
An instrumental version of ""Penny Lane"" was released by Al Di Meola in September 2013.
""Penny Lane"" was covered by ""Kai Warner"" in 1976.
""Penny Lane"" was sampled by ""The Rutles"" in ""Doubleback Alley"". The sample appears at 1:16, 1:35, 1:43, and 2:35, corresponding to 1:12, 1:27, 1:33, and 2:41 in the original performance.
Data resources
An example of music-related data for the same song (Penny Lane) is given below.
MusicBrainz: https://musicbrainz.org/work/1548c8c0-108f-33a8-9671-a025aa68e382
Wikidata: https://www.wikidata.org/wiki/Q842168
Genius: https://genius.com/1376466
SongFacts: https://www.songfacts.com/facts/the-beatles/penny-lane
SecondHandSongs: https://secondhandsongs.com/work/8937/
WhoSampled: https://www.whosampled.com/The-Beatles/Penny-Lane/
[^1] This use case is the specific scope of another story: Linka#2 (coming soon).
[-2] AcousticBrainz will be shut down (news from Mid-Feb 2022).
",,What is the cataloguing information associated with a given musical work?
Polifonia,," Persona
Linka is a researcher in Computer Science.
Goal
Keywords: music data, multi-modal data, knowledge discovery
Linka is interested in finding and describing music-related data of heterogeneous types and formats from different sources. Thanks to the ability to represent diverse content, her main goal is to inter-relate music data so as to enable large scale experiments for knowledge discovery.
Scenario
Linka is carrying out a lot of manual work to find music data on the Web from different datasets, catalogues, platforms and services. In addition, all this data needs to be carefully inspected so that information retrieved from a certain source is matched to that of another source, in a consistent manner. Although this can be done for a few musical objects of interest (e.g. information related to an album), the analytical and manual process becomes unmanageable and tremendously time-consuming when the scope of the analysis increases (e.g. hundreds of songs). In turn, this jeopardises the possibility of conducting large scale computational studies, which are fundamental for knowledge discovery -- establishing links among musical objects and entities to unveil novel relationships[^1].
Thanks to Polifonia, Linka will be able to perform all the aforementioned operations in an automatic manner and with little supervision. Starting from some desiderata -- names of artists, composers, musical pieces, albums -- the system will attempt to find pertinent music-related data from a specific set of resources (see below). Besides the computational requirements of the system for finding relevant content, this requires to semantically describe the retrieved data.
Example Data
For simplicity, music-related data can be categorised as: cataloguing information, musical features, musical facts, and musical relationships.
Cataloguing information
Information needed to identify a musical work as well as its relationships with the recordings that are derived from it. For example:
""Penny Lane"" is a musical work by ""The Beatles"",
""Penny Lane"" was composed by ""John Lennon"" and ""Paul McCartney"";
The first recording of ""Penny Lane"" was released in February 1967 as a double A-side single with ""Strawberry Fields Forever"".
Linka is interested in tracing the basic discographic information associated to the recordings of a certain musical work, including: the year of release, the name of the release, the place of recording, the instruments/performers relationships, and the vocals. Example data to address this category can be found from MusicBrainz and Wikidata.
The specific track of ""Penny Lane"" featured in the album ""Strawberry Fields Forever"" was recorded in ""Abbey Road Studios: Studio 2"" in ""St John's Wood, Westminster, London (UK)"" on 1966-12-29, 1967-01-05, 1967-01-06, 1967-01-09, and 1967-01-17.
The album ""Strawberry Fields Forever"" has been originally released in the UK on 1967-02-17.
The background and lead vocals of ""Penny Lane"" are by ""Paul McCartney"".
The ""tambourine"" is played by ""Ringo Starr"".
Musical features
Musical features can range from simple tags associated with a musical work or a recording (e.g. genre, style) to the tonality, tempo, and lyrics of the piece. Music tags are generally provided by all databases mentioned in the Resources section below; tonality and tempo are given by Wikidata and MusicBrainz through [AcousticBrainz][-2]; lyrics are provided by Genius and SongFacts. Please, note that Linka aims at modelling lyrics at the sentence level (bottom level) and also at the sectional level (top level). This last consideration is not fully captured by the example reported below, although the data provided by Genius and SongFacts allows for this organisation.
The musical work ""Penny Lane"" has genres/style ""baroque pop"" and ""psychedelic pop"".
The ""original mono studio mix"" of ""Penny Lane"" featured in ""Strawberry Fields Forever"" is in B minor (tonality = key + scale) and its tempo is 115 BPM.
The (original) lyrics of ""Penny Lane"" are ""In Penny Lane there is a barber showing photographs + ""\n"" + Of every head he's had the pleasure to know ...""
Musical facts
These are usually considered as textual explanations of the lyrics (e.g. ""Four of fish and finger pies"" in ""Penny Lane"" is explained by Genius as a ""common order size for fish and chips, that is what you could get with four pence...""), curiosities on the composition process (e.g. ""The piquant trumpet part was added after the rest of the song was finished.""), pertinent artist-related facts (e.g. ""Lennon's mother Julia at one time worked as a cinema usher and a waitress in Penny Lane.""), but also relationships to places and their meaning in the lyrics (e.g. ""Penny Lane, Liverpool, England""). These can be found from Genius and SongFacts.
Musical relationships
Establishing connections among pieces and recordings based on objective and/or subjective criteria and musical properties. These include derivative works (e.g. covers, medleys, mesh-ups), and sampling relationships where a certain musical pattern -- originally set/induced in a musical work, is found in other pieces. Examples of the former can be found from SecondHandSongs and MusicBrainz, whereas WhoSampled provides data for the latter.
""Penny Lane"" is referred to in the following medleys: ""A Liverpool Day"", ""She's leaving home / Penny Lane"" and ""The Music of the Beatles"".
""Penny Lane"" was translated in Finnish with ""Rööperiin"".
An instrumental version of ""Penny Lane"" was released by Al Di Meola in September 2013.
""Penny Lane"" was covered by ""Kai Warner"" in 1976.
""Penny Lane"" was sampled by ""The Rutles"" in ""Doubleback Alley"". The sample appears at 1:16, 1:35, 1:43, and 2:35, corresponding to 1:12, 1:27, 1:33, and 2:41 in the original performance.
Data resources
An example of music-related data for the same song (Penny Lane) is given below.
MusicBrainz: https://musicbrainz.org/work/1548c8c0-108f-33a8-9671-a025aa68e382
Wikidata: https://www.wikidata.org/wiki/Q842168
Genius: https://genius.com/1376466
SongFacts: https://www.songfacts.com/facts/the-beatles/penny-lane
SecondHandSongs: https://secondhandsongs.com/work/8937/
WhoSampled: https://www.whosampled.com/The-Beatles/Penny-Lane/
[^1] This use case is the specific scope of another story: Linka#2 (coming soon).
[-2] AcousticBrainz will be shut down (news from Mid-Feb 2022).
",,What musical features are associated with a given musical work?
Polifonia,," Persona
Linka is a researcher in Computer Science.
Goal
Keywords: music data, multi-modal data, knowledge discovery
Linka is interested in finding and describing music-related data of heterogeneous types and formats from different sources. Thanks to the ability to represent diverse content, her main goal is to inter-relate music data so as to enable large scale experiments for knowledge discovery.
Scenario
Linka is carrying out a lot of manual work to find music data on the Web from different datasets, catalogues, platforms and services. In addition, all this data needs to be carefully inspected so that information retrieved from a certain source is matched to that of another source, in a consistent manner. Although this can be done for a few musical objects of interest (e.g. information related to an album), the analytical and manual process becomes unmanageable and tremendously time-consuming when the scope of the analysis increases (e.g. hundreds of songs). In turn, this jeopardises the possibility of conducting large scale computational studies, which are fundamental for knowledge discovery -- establishing links among musical objects and entities to unveil novel relationships[^1].
Thanks to Polifonia, Linka will be able to perform all the aforementioned operations in an automatic manner and with little supervision. Starting from some desiderata -- names of artists, composers, musical pieces, albums -- the system will attempt to find pertinent music-related data from a specific set of resources (see below). Besides the computational requirements of the system for finding relevant content, this requires to semantically describe the retrieved data.
Example Data
For simplicity, music-related data can be categorised as: cataloguing information, musical features, musical facts, and musical relationships.
Cataloguing information
Information needed to identify a musical work as well as its relationships with the recordings that are derived from it. For example:
""Penny Lane"" is a musical work by ""The Beatles"",
""Penny Lane"" was composed by ""John Lennon"" and ""Paul McCartney"";
The first recording of ""Penny Lane"" was released in February 1967 as a double A-side single with ""Strawberry Fields Forever"".
Linka is interested in tracing the basic discographic information associated to the recordings of a certain musical work, including: the year of release, the name of the release, the place of recording, the instruments/performers relationships, and the vocals. Example data to address this category can be found from MusicBrainz and Wikidata.
The specific track of ""Penny Lane"" featured in the album ""Strawberry Fields Forever"" was recorded in ""Abbey Road Studios: Studio 2"" in ""St John's Wood, Westminster, London (UK)"" on 1966-12-29, 1967-01-05, 1967-01-06, 1967-01-09, and 1967-01-17.
The album ""Strawberry Fields Forever"" has been originally released in the UK on 1967-02-17.
The background and lead vocals of ""Penny Lane"" are by ""Paul McCartney"".
The ""tambourine"" is played by ""Ringo Starr"".
Musical features
Musical features can range from simple tags associated with a musical work or a recording (e.g. genre, style) to the tonality, tempo, and lyrics of the piece. Music tags are generally provided by all databases mentioned in the Resources section below; tonality and tempo are given by Wikidata and MusicBrainz through [AcousticBrainz][-2]; lyrics are provided by Genius and SongFacts. Please, note that Linka aims at modelling lyrics at the sentence level (bottom level) and also at the sectional level (top level). This last consideration is not fully captured by the example reported below, although the data provided by Genius and SongFacts allows for this organisation.
The musical work ""Penny Lane"" has genres/style ""baroque pop"" and ""psychedelic pop"".
The ""original mono studio mix"" of ""Penny Lane"" featured in ""Strawberry Fields Forever"" is in B minor (tonality = key + scale) and its tempo is 115 BPM.
The (original) lyrics of ""Penny Lane"" are ""In Penny Lane there is a barber showing photographs + ""\n"" + Of every head he's had the pleasure to know ...""
Musical facts
These are usually considered as textual explanations of the lyrics (e.g. ""Four of fish and finger pies"" in ""Penny Lane"" is explained by Genius as a ""common order size for fish and chips, that is what you could get with four pence...""), curiosities on the composition process (e.g. ""The piquant trumpet part was added after the rest of the song was finished.""), pertinent artist-related facts (e.g. ""Lennon's mother Julia at one time worked as a cinema usher and a waitress in Penny Lane.""), but also relationships to places and their meaning in the lyrics (e.g. ""Penny Lane, Liverpool, England""). These can be found from Genius and SongFacts.
Musical relationships
Establishing connections among pieces and recordings based on objective and/or subjective criteria and musical properties. These include derivative works (e.g. covers, medleys, mesh-ups), and sampling relationships where a certain musical pattern -- originally set/induced in a musical work, is found in other pieces. Examples of the former can be found from SecondHandSongs and MusicBrainz, whereas WhoSampled provides data for the latter.
""Penny Lane"" is referred to in the following medleys: ""A Liverpool Day"", ""She's leaving home / Penny Lane"" and ""The Music of the Beatles"".
""Penny Lane"" was translated in Finnish with ""Rööperiin"".
An instrumental version of ""Penny Lane"" was released by Al Di Meola in September 2013.
""Penny Lane"" was covered by ""Kai Warner"" in 1976.
""Penny Lane"" was sampled by ""The Rutles"" in ""Doubleback Alley"". The sample appears at 1:16, 1:35, 1:43, and 2:35, corresponding to 1:12, 1:27, 1:33, and 2:41 in the original performance.
Data resources
An example of music-related data for the same song (Penny Lane) is given below.
MusicBrainz: https://musicbrainz.org/work/1548c8c0-108f-33a8-9671-a025aa68e382
Wikidata: https://www.wikidata.org/wiki/Q842168
Genius: https://genius.com/1376466
SongFacts: https://www.songfacts.com/facts/the-beatles/penny-lane
SecondHandSongs: https://secondhandsongs.com/work/8937/
WhoSampled: https://www.whosampled.com/The-Beatles/Penny-Lane/
[^1] This use case is the specific scope of another story: Linka#2 (coming soon).
[-2] AcousticBrainz will be shut down (news from Mid-Feb 2022).
",,What musical facts are related to a given musical work?
Polifonia,," Persona
Linka is a researcher in Computer Science.
Goal
Keywords: music data, multi-modal data, knowledge discovery
Linka is interested in finding and describing music-related data of heterogeneous types and formats from different sources. Thanks to the ability to represent diverse content, her main goal is to inter-relate music data so as to enable large scale experiments for knowledge discovery.
Scenario
Linka is carrying out a lot of manual work to find music data on the Web from different datasets, catalogues, platforms and services. In addition, all this data needs to be carefully inspected so that information retrieved from a certain source is matched to that of another source, in a consistent manner. Although this can be done for a few musical objects of interest (e.g. information related to an album), the analytical and manual process becomes unmanageable and tremendously time-consuming when the scope of the analysis increases (e.g. hundreds of songs). In turn, this jeopardises the possibility of conducting large scale computational studies, which are fundamental for knowledge discovery -- establishing links among musical objects and entities to unveil novel relationships[^1].
Thanks to Polifonia, Linka will be able to perform all the aforementioned operations in an automatic manner and with little supervision. Starting from some desiderata -- names of artists, composers, musical pieces, albums -- the system will attempt to find pertinent music-related data from a specific set of resources (see below). Besides the computational requirements of the system for finding relevant content, this requires to semantically describe the retrieved data.
Example Data
For simplicity, music-related data can be categorised as: cataloguing information, musical features, musical facts, and musical relationships.
Cataloguing information
Information needed to identify a musical work as well as its relationships with the recordings that are derived from it. For example:
""Penny Lane"" is a musical work by ""The Beatles"",
""Penny Lane"" was composed by ""John Lennon"" and ""Paul McCartney"";
The first recording of ""Penny Lane"" was released in February 1967 as a double A-side single with ""Strawberry Fields Forever"".
Linka is interested in tracing the basic discographic information associated to the recordings of a certain musical work, including: the year of release, the name of the release, the place of recording, the instruments/performers relationships, and the vocals. Example data to address this category can be found from MusicBrainz and Wikidata.
The specific track of ""Penny Lane"" featured in the album ""Strawberry Fields Forever"" was recorded in ""Abbey Road Studios: Studio 2"" in ""St John's Wood, Westminster, London (UK)"" on 1966-12-29, 1967-01-05, 1967-01-06, 1967-01-09, and 1967-01-17.
The album ""Strawberry Fields Forever"" has been originally released in the UK on 1967-02-17.
The background and lead vocals of ""Penny Lane"" are by ""Paul McCartney"".
The ""tambourine"" is played by ""Ringo Starr"".
Musical features
Musical features can range from simple tags associated with a musical work or a recording (e.g. genre, style) to the tonality, tempo, and lyrics of the piece. Music tags are generally provided by all databases mentioned in the Resources section below; tonality and tempo are given by Wikidata and MusicBrainz through [AcousticBrainz][-2]; lyrics are provided by Genius and SongFacts. Please, note that Linka aims at modelling lyrics at the sentence level (bottom level) and also at the sectional level (top level). This last consideration is not fully captured by the example reported below, although the data provided by Genius and SongFacts allows for this organisation.
The musical work ""Penny Lane"" has genres/style ""baroque pop"" and ""psychedelic pop"".
The ""original mono studio mix"" of ""Penny Lane"" featured in ""Strawberry Fields Forever"" is in B minor (tonality = key + scale) and its tempo is 115 BPM.
The (original) lyrics of ""Penny Lane"" are ""In Penny Lane there is a barber showing photographs + ""\n"" + Of every head he's had the pleasure to know ...""
Musical facts
These are usually considered as textual explanations of the lyrics (e.g. ""Four of fish and finger pies"" in ""Penny Lane"" is explained by Genius as a ""common order size for fish and chips, that is what you could get with four pence...""), curiosities on the composition process (e.g. ""The piquant trumpet part was added after the rest of the song was finished.""), pertinent artist-related facts (e.g. ""Lennon's mother Julia at one time worked as a cinema usher and a waitress in Penny Lane.""), but also relationships to places and their meaning in the lyrics (e.g. ""Penny Lane, Liverpool, England""). These can be found from Genius and SongFacts.
Musical relationships
Establishing connections among pieces and recordings based on objective and/or subjective criteria and musical properties. These include derivative works (e.g. covers, medleys, mesh-ups), and sampling relationships where a certain musical pattern -- originally set/induced in a musical work, is found in other pieces. Examples of the former can be found from SecondHandSongs and MusicBrainz, whereas WhoSampled provides data for the latter.
""Penny Lane"" is referred to in the following medleys: ""A Liverpool Day"", ""She's leaving home / Penny Lane"" and ""The Music of the Beatles"".
""Penny Lane"" was translated in Finnish with ""Rööperiin"".
An instrumental version of ""Penny Lane"" was released by Al Di Meola in September 2013.
""Penny Lane"" was covered by ""Kai Warner"" in 1976.
""Penny Lane"" was sampled by ""The Rutles"" in ""Doubleback Alley"". The sample appears at 1:16, 1:35, 1:43, and 2:35, corresponding to 1:12, 1:27, 1:33, and 2:41 in the original performance.
Data resources
An example of music-related data for the same song (Penny Lane) is given below.
MusicBrainz: https://musicbrainz.org/work/1548c8c0-108f-33a8-9671-a025aa68e382
Wikidata: https://www.wikidata.org/wiki/Q842168
Genius: https://genius.com/1376466
SongFacts: https://www.songfacts.com/facts/the-beatles/penny-lane
SecondHandSongs: https://secondhandsongs.com/work/8937/
WhoSampled: https://www.whosampled.com/The-Beatles/Penny-Lane/
[^1] This use case is the specific scope of another story: Linka#2 (coming soon).
[-2] AcousticBrainz will be shut down (news from Mid-Feb 2022).
",,What musical relationships exist between a given musical work and other pieces?
Polifonia,," Persona
Linka is a researcher in Computer Science.
Goal
Keywords: music data, multi-modal data, knowledge discovery
Linka is interested in finding and describing music-related data of heterogeneous types and formats from different sources. Thanks to the ability to represent diverse content, her main goal is to inter-relate music data so as to enable large scale experiments for knowledge discovery.
Scenario
Linka is carrying out a lot of manual work to find music data on the Web from different datasets, catalogues, platforms and services. In addition, all this data needs to be carefully inspected so that information retrieved from a certain source is matched to that of another source, in a consistent manner. Although this can be done for a few musical objects of interest (e.g. information related to an album), the analytical and manual process becomes unmanageable and tremendously time-consuming when the scope of the analysis increases (e.g. hundreds of songs). In turn, this jeopardises the possibility of conducting large scale computational studies, which are fundamental for knowledge discovery -- establishing links among musical objects and entities to unveil novel relationships[^1].
Thanks to Polifonia, Linka will be able to perform all the aforementioned operations in an automatic manner and with little supervision. Starting from some desiderata -- names of artists, composers, musical pieces, albums -- the system will attempt to find pertinent music-related data from a specific set of resources (see below). Besides the computational requirements of the system for finding relevant content, this requires to semantically describe the retrieved data.
Example Data
For simplicity, music-related data can be categorised as: cataloguing information, musical features, musical facts, and musical relationships.
Cataloguing information
Information needed to identify a musical work as well as its relationships with the recordings that are derived from it. For example:
""Penny Lane"" is a musical work by ""The Beatles"",
""Penny Lane"" was composed by ""John Lennon"" and ""Paul McCartney"";
The first recording of ""Penny Lane"" was released in February 1967 as a double A-side single with ""Strawberry Fields Forever"".
Linka is interested in tracing the basic discographic information associated to the recordings of a certain musical work, including: the year of release, the name of the release, the place of recording, the instruments/performers relationships, and the vocals. Example data to address this category can be found from MusicBrainz and Wikidata.
The specific track of ""Penny Lane"" featured in the album ""Strawberry Fields Forever"" was recorded in ""Abbey Road Studios: Studio 2"" in ""St John's Wood, Westminster, London (UK)"" on 1966-12-29, 1967-01-05, 1967-01-06, 1967-01-09, and 1967-01-17.
The album ""Strawberry Fields Forever"" has been originally released in the UK on 1967-02-17.
The background and lead vocals of ""Penny Lane"" are by ""Paul McCartney"".
The ""tambourine"" is played by ""Ringo Starr"".
Musical features
Musical features can range from simple tags associated with a musical work or a recording (e.g. genre, style) to the tonality, tempo, and lyrics of the piece. Music tags are generally provided by all databases mentioned in the Resources section below; tonality and tempo are given by Wikidata and MusicBrainz through [AcousticBrainz][-2]; lyrics are provided by Genius and SongFacts. Please, note that Linka aims at modelling lyrics at the sentence level (bottom level) and also at the sectional level (top level). This last consideration is not fully captured by the example reported below, although the data provided by Genius and SongFacts allows for this organisation.
The musical work ""Penny Lane"" has genres/style ""baroque pop"" and ""psychedelic pop"".
The ""original mono studio mix"" of ""Penny Lane"" featured in ""Strawberry Fields Forever"" is in B minor (tonality = key + scale) and its tempo is 115 BPM.
The (original) lyrics of ""Penny Lane"" are ""In Penny Lane there is a barber showing photographs + ""\n"" + Of every head he's had the pleasure to know ...""
Musical facts
These are usually considered as textual explanations of the lyrics (e.g. ""Four of fish and finger pies"" in ""Penny Lane"" is explained by Genius as a ""common order size for fish and chips, that is what you could get with four pence...""), curiosities on the composition process (e.g. ""The piquant trumpet part was added after the rest of the song was finished.""), pertinent artist-related facts (e.g. ""Lennon's mother Julia at one time worked as a cinema usher and a waitress in Penny Lane.""), but also relationships to places and their meaning in the lyrics (e.g. ""Penny Lane, Liverpool, England""). These can be found from Genius and SongFacts.
Musical relationships
Establishing connections among pieces and recordings based on objective and/or subjective criteria and musical properties. These include derivative works (e.g. covers, medleys, mesh-ups), and sampling relationships where a certain musical pattern -- originally set/induced in a musical work, is found in other pieces. Examples of the former can be found from SecondHandSongs and MusicBrainz, whereas WhoSampled provides data for the latter.
""Penny Lane"" is referred to in the following medleys: ""A Liverpool Day"", ""She's leaving home / Penny Lane"" and ""The Music of the Beatles"".
""Penny Lane"" was translated in Finnish with ""Rööperiin"".
An instrumental version of ""Penny Lane"" was released by Al Di Meola in September 2013.
""Penny Lane"" was covered by ""Kai Warner"" in 1976.
""Penny Lane"" was sampled by ""The Rutles"" in ""Doubleback Alley"". The sample appears at 1:16, 1:35, 1:43, and 2:35, corresponding to 1:12, 1:27, 1:33, and 2:41 in the original performance.
Data resources
An example of music-related data for the same song (Penny Lane) is given below.
MusicBrainz: https://musicbrainz.org/work/1548c8c0-108f-33a8-9671-a025aa68e382
Wikidata: https://www.wikidata.org/wiki/Q842168
Genius: https://genius.com/1376466
SongFacts: https://www.songfacts.com/facts/the-beatles/penny-lane
SecondHandSongs: https://secondhandsongs.com/work/8937/
WhoSampled: https://www.whosampled.com/The-Beatles/Penny-Lane/
[^1] This use case is the specific scope of another story: Linka#2 (coming soon).
[-2] AcousticBrainz will be shut down (news from Mid-Feb 2022).
",,What is the basic discographic information for a given musical work?
Polifonia,," Persona
Linka is a researcher in Computer Science.
Goal
Keywords: music data, multi-modal data, knowledge discovery
Linka is interested in finding and describing music-related data of heterogeneous types and formats from different sources. Thanks to the ability to represent diverse content, her main goal is to inter-relate music data so as to enable large scale experiments for knowledge discovery.
Scenario
Linka is carrying out a lot of manual work to find music data on the Web from different datasets, catalogues, platforms and services. In addition, all this data needs to be carefully inspected so that information retrieved from a certain source is matched to that of another source, in a consistent manner. Although this can be done for a few musical objects of interest (e.g. information related to an album), the analytical and manual process becomes unmanageable and tremendously time-consuming when the scope of the analysis increases (e.g. hundreds of songs). In turn, this jeopardises the possibility of conducting large scale computational studies, which are fundamental for knowledge discovery -- establishing links among musical objects and entities to unveil novel relationships[^1].
Thanks to Polifonia, Linka will be able to perform all the aforementioned operations in an automatic manner and with little supervision. Starting from some desiderata -- names of artists, composers, musical pieces, albums -- the system will attempt to find pertinent music-related data from a specific set of resources (see below). Besides the computational requirements of the system for finding relevant content, this requires to semantically describe the retrieved data.
Example Data
For simplicity, music-related data can be categorised as: cataloguing information, musical features, musical facts, and musical relationships.
Cataloguing information
Information needed to identify a musical work as well as its relationships with the recordings that are derived from it. For example:
""Penny Lane"" is a musical work by ""The Beatles"",
""Penny Lane"" was composed by ""John Lennon"" and ""Paul McCartney"";
The first recording of ""Penny Lane"" was released in February 1967 as a double A-side single with ""Strawberry Fields Forever"".
Linka is interested in tracing the basic discographic information associated to the recordings of a certain musical work, including: the year of release, the name of the release, the place of recording, the instruments/performers relationships, and the vocals. Example data to address this category can be found from MusicBrainz and Wikidata.
The specific track of ""Penny Lane"" featured in the album ""Strawberry Fields Forever"" was recorded in ""Abbey Road Studios: Studio 2"" in ""St John's Wood, Westminster, London (UK)"" on 1966-12-29, 1967-01-05, 1967-01-06, 1967-01-09, and 1967-01-17.
The album ""Strawberry Fields Forever"" has been originally released in the UK on 1967-02-17.
The background and lead vocals of ""Penny Lane"" are by ""Paul McCartney"".
The ""tambourine"" is played by ""Ringo Starr"".
Musical features
Musical features can range from simple tags associated with a musical work or a recording (e.g. genre, style) to the tonality, tempo, and lyrics of the piece. Music tags are generally provided by all databases mentioned in the Resources section below; tonality and tempo are given by Wikidata and MusicBrainz through [AcousticBrainz][-2]; lyrics are provided by Genius and SongFacts. Please, note that Linka aims at modelling lyrics at the sentence level (bottom level) and also at the sectional level (top level). This last consideration is not fully captured by the example reported below, although the data provided by Genius and SongFacts allows for this organisation.
The musical work ""Penny Lane"" has genres/style ""baroque pop"" and ""psychedelic pop"".
The ""original mono studio mix"" of ""Penny Lane"" featured in ""Strawberry Fields Forever"" is in B minor (tonality = key + scale) and its tempo is 115 BPM.
The (original) lyrics of ""Penny Lane"" are ""In Penny Lane there is a barber showing photographs + ""\n"" + Of every head he's had the pleasure to know ...""
Musical facts
These are usually considered as textual explanations of the lyrics (e.g. ""Four of fish and finger pies"" in ""Penny Lane"" is explained by Genius as a ""common order size for fish and chips, that is what you could get with four pence...""), curiosities on the composition process (e.g. ""The piquant trumpet part was added after the rest of the song was finished.""), pertinent artist-related facts (e.g. ""Lennon's mother Julia at one time worked as a cinema usher and a waitress in Penny Lane.""), but also relationships to places and their meaning in the lyrics (e.g. ""Penny Lane, Liverpool, England""). These can be found from Genius and SongFacts.
Musical relationships
Establishing connections among pieces and recordings based on objective and/or subjective criteria and musical properties. These include derivative works (e.g. covers, medleys, mesh-ups), and sampling relationships where a certain musical pattern -- originally set/induced in a musical work, is found in other pieces. Examples of the former can be found from SecondHandSongs and MusicBrainz, whereas WhoSampled provides data for the latter.
""Penny Lane"" is referred to in the following medleys: ""A Liverpool Day"", ""She's leaving home / Penny Lane"" and ""The Music of the Beatles"".
""Penny Lane"" was translated in Finnish with ""Rööperiin"".
An instrumental version of ""Penny Lane"" was released by Al Di Meola in September 2013.
""Penny Lane"" was covered by ""Kai Warner"" in 1976.
""Penny Lane"" was sampled by ""The Rutles"" in ""Doubleback Alley"". The sample appears at 1:16, 1:35, 1:43, and 2:35, corresponding to 1:12, 1:27, 1:33, and 2:41 in the original performance.
Data resources
An example of music-related data for the same song (Penny Lane) is given below.
MusicBrainz: https://musicbrainz.org/work/1548c8c0-108f-33a8-9671-a025aa68e382
Wikidata: https://www.wikidata.org/wiki/Q842168
Genius: https://genius.com/1376466
SongFacts: https://www.songfacts.com/facts/the-beatles/penny-lane
SecondHandSongs: https://secondhandsongs.com/work/8937/
WhoSampled: https://www.whosampled.com/The-Beatles/Penny-Lane/
[^1] This use case is the specific scope of another story: Linka#2 (coming soon).
[-2] AcousticBrainz will be shut down (news from Mid-Feb 2022).
",,What are the lyrics of a given musical work at the sentence level?
Polifonia,," Persona
Linka is a researcher in Computer Science.
Goal
Keywords: music data, multi-modal data, knowledge discovery
Linka is interested in finding and describing music-related data of heterogeneous types and formats from different sources. Thanks to the ability to represent diverse content, her main goal is to inter-relate music data so as to enable large scale experiments for knowledge discovery.
Scenario
Linka is carrying out a lot of manual work to find music data on the Web from different datasets, catalogues, platforms and services. In addition, all this data needs to be carefully inspected so that information retrieved from a certain source is matched to that of another source, in a consistent manner. Although this can be done for a few musical objects of interest (e.g. information related to an album), the analytical and manual process becomes unmanageable and tremendously time-consuming when the scope of the analysis increases (e.g. hundreds of songs). In turn, this jeopardises the possibility of conducting large scale computational studies, which are fundamental for knowledge discovery -- establishing links among musical objects and entities to unveil novel relationships[^1].
Thanks to Polifonia, Linka will be able to perform all the aforementioned operations in an automatic manner and with little supervision. Starting from some desiderata -- names of artists, composers, musical pieces, albums -- the system will attempt to find pertinent music-related data from a specific set of resources (see below). Besides the computational requirements of the system for finding relevant content, this requires to semantically describe the retrieved data.
Example Data
For simplicity, music-related data can be categorised as: cataloguing information, musical features, musical facts, and musical relationships.
Cataloguing information
Information needed to identify a musical work as well as its relationships with the recordings that are derived from it. For example:
""Penny Lane"" is a musical work by ""The Beatles"",
""Penny Lane"" was composed by ""John Lennon"" and ""Paul McCartney"";
The first recording of ""Penny Lane"" was released in February 1967 as a double A-side single with ""Strawberry Fields Forever"".
Linka is interested in tracing the basic discographic information associated to the recordings of a certain musical work, including: the year of release, the name of the release, the place of recording, the instruments/performers relationships, and the vocals. Example data to address this category can be found from MusicBrainz and Wikidata.
The specific track of ""Penny Lane"" featured in the album ""Strawberry Fields Forever"" was recorded in ""Abbey Road Studios: Studio 2"" in ""St John's Wood, Westminster, London (UK)"" on 1966-12-29, 1967-01-05, 1967-01-06, 1967-01-09, and 1967-01-17.
The album ""Strawberry Fields Forever"" has been originally released in the UK on 1967-02-17.
The background and lead vocals of ""Penny Lane"" are by ""Paul McCartney"".
The ""tambourine"" is played by ""Ringo Starr"".
Musical features
Musical features can range from simple tags associated with a musical work or a recording (e.g. genre, style) to the tonality, tempo, and lyrics of the piece. Music tags are generally provided by all databases mentioned in the Resources section below; tonality and tempo are given by Wikidata and MusicBrainz through [AcousticBrainz][-2]; lyrics are provided by Genius and SongFacts. Please, note that Linka aims at modelling lyrics at the sentence level (bottom level) and also at the sectional level (top level). This last consideration is not fully captured by the example reported below, although the data provided by Genius and SongFacts allows for this organisation.
The musical work ""Penny Lane"" has genres/style ""baroque pop"" and ""psychedelic pop"".
The ""original mono studio mix"" of ""Penny Lane"" featured in ""Strawberry Fields Forever"" is in B minor (tonality = key + scale) and its tempo is 115 BPM.
The (original) lyrics of ""Penny Lane"" are ""In Penny Lane there is a barber showing photographs + ""\n"" + Of every head he's had the pleasure to know ...""
Musical facts
These are usually considered as textual explanations of the lyrics (e.g. ""Four of fish and finger pies"" in ""Penny Lane"" is explained by Genius as a ""common order size for fish and chips, that is what you could get with four pence...""), curiosities on the composition process (e.g. ""The piquant trumpet part was added after the rest of the song was finished.""), pertinent artist-related facts (e.g. ""Lennon's mother Julia at one time worked as a cinema usher and a waitress in Penny Lane.""), but also relationships to places and their meaning in the lyrics (e.g. ""Penny Lane, Liverpool, England""). These can be found from Genius and SongFacts.
Musical relationships
Establishing connections among pieces and recordings based on objective and/or subjective criteria and musical properties. These include derivative works (e.g. covers, medleys, mesh-ups), and sampling relationships where a certain musical pattern -- originally set/induced in a musical work, is found in other pieces. Examples of the former can be found from SecondHandSongs and MusicBrainz, whereas WhoSampled provides data for the latter.
""Penny Lane"" is referred to in the following medleys: ""A Liverpool Day"", ""She's leaving home / Penny Lane"" and ""The Music of the Beatles"".
""Penny Lane"" was translated in Finnish with ""Rööperiin"".
An instrumental version of ""Penny Lane"" was released by Al Di Meola in September 2013.
""Penny Lane"" was covered by ""Kai Warner"" in 1976.
""Penny Lane"" was sampled by ""The Rutles"" in ""Doubleback Alley"". The sample appears at 1:16, 1:35, 1:43, and 2:35, corresponding to 1:12, 1:27, 1:33, and 2:41 in the original performance.
Data resources
An example of music-related data for the same song (Penny Lane) is given below.
MusicBrainz: https://musicbrainz.org/work/1548c8c0-108f-33a8-9671-a025aa68e382
Wikidata: https://www.wikidata.org/wiki/Q842168
Genius: https://genius.com/1376466
SongFacts: https://www.songfacts.com/facts/the-beatles/penny-lane
SecondHandSongs: https://secondhandsongs.com/work/8937/
WhoSampled: https://www.whosampled.com/The-Beatles/Penny-Lane/
[^1] This use case is the specific scope of another story: Linka#2 (coming soon).
[-2] AcousticBrainz will be shut down (news from Mid-Feb 2022).
",,What are the relationships between a given musical work and its performers?
WHOW,Infectious Diseases,,https://raw.githubusercontent.com/whow-project/datasets/refs/heads/main/RML-RULES/diseases/infectious_diseases.csv,What types of gastrointestinal and foodborne illnesses are reported?
WHOW,Infectious Diseases,,https://raw.githubusercontent.com/whow-project/datasets/refs/heads/main/RML-RULES/diseases/infectious_diseases.csv,How many cases of a given illness were reported during a given year?
WHOW,Infectious Diseases,,https://raw.githubusercontent.com/whow-project/datasets/refs/heads/main/RML-RULES/diseases/infectious_diseases.csv,"What is the incidence rate of a given illness per 100,000 population?"
WHOW,Infectious Diseases,,https://raw.githubusercontent.com/whow-project/datasets/refs/heads/main/RML-RULES/diseases/infectious_diseases.csv,What is the demographic distribution of reported cases by age group?
WHOW,Infectious Diseases,,https://raw.githubusercontent.com/whow-project/datasets/refs/heads/main/RML-RULES/diseases/infectious_diseases.csv,What is the vaccination status associated with a given illness?
WHOW,Infectious Diseases,,https://raw.githubusercontent.com/whow-project/datasets/refs/heads/main/RML-RULES/diseases/infectious_diseases.csv,How does the incidence rate of a given illness vary by gender?
WHOW,Infectious Diseases,,https://raw.githubusercontent.com/whow-project/datasets/refs/heads/main/RML-RULES/diseases/infectious_diseases.csv,What is the total resident population for a given age group?
WHOW,Infectious Diseases,,https://raw.githubusercontent.com/whow-project/datasets/refs/heads/main/RML-RULES/diseases/infectious_diseases.csv,What are the classifications of reported illnesses?
WHOW,Hospital accesses and stays,,https://raw.githubusercontent.com/whow-project/datasets/refs/heads/main/RML-RULES/hospitalisation-monitoring/rzni-6n8h.csv,What is the average length of stay for a given disease in a given year?
WHOW,Hospital accesses and stays,,https://raw.githubusercontent.com/whow-project/datasets/refs/heads/main/RML-RULES/hospitalisation-monitoring/rzni-6n8h.csv,How many hospital stays were recorded for a given diagnosis in a given year?
WHOW,Hospital accesses and stays,,https://raw.githubusercontent.com/whow-project/datasets/refs/heads/main/RML-RULES/hospitalisation-monitoring/rzni-6n8h.csv,Which health structures are associated with a given ATS?
WHOW,Hospital accesses and stays,,https://raw.githubusercontent.com/whow-project/datasets/refs/heads/main/RML-RULES/hospitalisation-monitoring/rzni-6n8h.csv,What is the average number of accesses for a given disease in a given year?
WHOW,Hospital accesses and stays,,https://raw.githubusercontent.com/whow-project/datasets/refs/heads/main/RML-RULES/hospitalisation-monitoring/rzni-6n8h.csv,What types of diseases are recorded in the dataset?
WHOW,Hospital accesses and stays,,https://raw.githubusercontent.com/whow-project/datasets/refs/heads/main/RML-RULES/hospitalisation-monitoring/rzni-6n8h.csv,Which ATS has the highest average length of stay for a given disease?
WHOW,Quality parameters of drinking waters,,"codice_ente,ente_controllore,punto_prelievo,tipologia_punto_prelievo,indirizzo_punto_prelievo,comune_punto_prelievo,codice_comune,provincia_punto_prelievo,latitudine,longitudine,location,id_campione,macro_categoria_parametro,categoria_parametro,parametro,tipo_parametro,codice_parametro,risultato,unit_misura,esito,data_referto,anno_referto,indirizzo_di_georeferenziazione,frazione_punto_prelievo,valore_testuale,unita_di_misura_testuale,segno
030326,ATS DI BRESCIA,RE017120XU0004,Punti rete,,NUVOLERA,017120,BRESCIA,45.53332,10.37711,POINT (10.37711 45.53332),POT72160,Chimico,Solventi alogenati,bromoformio,Indicatore,,0.5,µg/l,Conforme,2020-11-10,2020,,,< 0.5,microgrammi per litro,<
030321,ATS DELLA CITTA' METROPOLITANA DI MILANO,RE0980319UC035,Punti rete,""Frazione Riolo, Lodi"",LODI,098031,LODI,45.33583,9.52028999,POINT (9.52028999 45.33583),202005892-001,Fisico,durezza,durezza,Indicatore,20001,27.0,fH,Conforme,2020-05-25,2020,""FRAZIONE RIOLO,LODI"",,27,gradi,
030321,ATS DELLA CITTA' METROPOLITANA DI MILANO,RE0150779UM104,Punti rete,Via Canzio,CINISELLO BALSAMO,015077,MILANO,45.5462927,9.2187177,POINT (9.2187177 45.5462927),202009115-001,Chimico,Anioni,nitrito,Normato,,0.05,mg/l,Conforme,2020-07-17,2020,VIA STEFANO CANZIO,,< 0.05,milligrammi per litro,<
030321,ATS DELLA CITTA' METROPOLITANA DI MILANO,RE0151829UM003,Punti rete,""Via Tacito, Rho"",RHO,015182,MILANO,45.5261617,9.0251269,POINT (9.0251269 45.5261617),202017368-001,Fisico,durezza,durezza,Indicatore,20001,18.0,fH,Conforme,2020-12-14,2020,""VIA CORNELIO TACITO,RHO"",,18,gradi,
030321,ATS DELLA CITTA' METROPOLITANA DI MILANO,RE0150779UM122,Punti rete,Via Galilei,CINISELLO BALSAMO,015077,MILANO,45.55498,9.24709,POINT (9.24709 45.55498),202005764-001,Chimico,Anioni,nitrito,Normato,,0.05,mg/l,Conforme,2020-05-27,2020,VIA GALILEO GALILEI,,< 0.05,milligrammi per litro,<
030321,ATS DELLA CITTA' METROPOLITANA DI MILANO,RE015211XRP003,Punti rete,,SETTIMO MILANESE,015211,MILANO,45.48312,9.0535,POINT (9.0535 45.48312),202003055-001,Fisico,conducibilita,conducibilita,Indicatore,3142-01-6,627.0,µS/cm,Conforme,2020-03-06,2020,,,627,microsiemens per centimetro,
030322,ATS DELL'INSUBRIA,RE012059XU0002,Punti rete,Via Valera Cimitero,CUGLIATE-FABIASCO,012059,VARESE,45.94788,8.82442,POINT (8.82442 45.94788),C201576,Fisico,pH,ph,Indicatore,12408-02-5,7.6,adimensionale,Conforme,2020-06-18,2020,VIA VALERA,,7.6,adimensionale,
030321,ATS DELLA CITTA' METROPOLITANA DI MILANO,RE0150779UM122,Punti rete,Via Galilei,CINISELLO BALSAMO,015077,MILANO,45.55498,9.24709,POINT (9.24709 45.55498),202009113-001,Chimico,Anioni,nitrati,Normato,,32.0,mg/l,Conforme,2020-07-17,2020,VIA GALILEO GALILEI,,32,milligrammi per litro,
030321,ATS DELLA CITTA' METROPOLITANA DI MILANO,RE0150819UM103,Punti rete,Via Piave,COLOGNO MONZESE,015081,MILANO,45.52813,9.28264,POINT (9.28264 45.52813),202016756-001,Chimico,Anioni,nitrito,Normato,,0.05,mg/l,Conforme,2020-12-02,2020,VIALE PIAVE,,< 0.05,milligrammi per litro,<
030323,ATS DELLA MONTAGNA,RE014043XU0475,Punti rete,""VIA ROMA, MESE"",MESE,014043,SONDRIO,46.3051352,9.3806182,POINT (9.3806182 46.3051352),C202626,Fisico,pH,ph,Indicatore,12408-02-5,8.0,adimensionale,Conforme,2020-10-05,2020,""VIA ROMA,MESE"",,8,adimensionale,
030321,ATS DELLA CITTA' METROPOLITANA DI MILANO,RE0150819UM001,Punti rete,Via Europa,COLOGNO MONZESE,015081,MILANO,45.51661,9.26275,POINT (9.26275 45.51661),202008733-001,Chimico,Metalli,cromo,Normato,,4.0,µg/l,Conforme,2020-07-30,2020,VIALE EUROPA,,4,microgrammi per litro,
030321,ATS DELLA CITTA' METROPOLITANA DI MILANO,RE0980319UC035,Punti rete,""Frazione Riolo, Lodi"",LODI,098031,LODI,45.33583,9.52028999,POINT (9.52028999 45.33583),202002636-001,Fisico,durezza,durezza,Indicatore,20001,30.0,fH,Conforme,2020-03-03,2020,""FRAZIONE RIOLO,LODI"",,30,gradi,
030321,ATS DELLA CITTA' METROPOLITANA DI MILANO,RE0150779UM181,Punti rete,Via Ariosto,CINISELLO BALSAMO,015077,MILANO,45.55784,9.20654,POINT (9.20654 45.55784),202006177-001,Chimico,Anioni,nitrati,Normato,,32.0,mg/l,Conforme,2020-05-28,2020,VIA LUDOVICO ARIOSTO,,32,milligrammi per litro,
030321,ATS DELLA CITTA' METROPOLITANA DI MILANO,RE098041XUR003,Punti rete,ARMADIETTO SAL - VIA TICINO,MULAZZANO,098041,LODI,45.35879,9.41630999,POINT (9.41630999 45.35879),202007716-001,Fisico,durezza,durezza,Indicatore,20001,30.0,fH,Conforme,2020-06-24,2020,VIA TICINO,,30,gradi,
030321,ATS DELLA CITTA' METROPOLITANA DI MILANO,RE098018XUR002,Punti rete,ARMADIETTO SAL - VIA DELLA CHIESA,CERVIGNANO D'ADDA,098018,LODI,45.37085,9.42156,POINT (9.42156 45.37085),202005505-001,Fisico,pH,ph,Indicatore,12408-02-5,7.5,,Conforme,2020-05-20,2020,VIA DELLA CHIESA,,7.5,unita,
030326,ATS DI BRESCIA,RE017188XU0004,Punti rete,,TRAVAGLIATO,017188,BRESCIA,45.52453,10.083,POINT (10.083 45.52453),POT67201,Chimico,Anioni,nitrati,Normato,,36.0,mg/l,Conforme,2020-03-31,2020,,,36,milligrammi per litro,
030321,ATS DELLA CITTA' METROPOLITANA DI MILANO,RE0152069UM002,Punti rete,""Via della Repubblica, Senago"",SENAGO,015206,MILANO,45.5752585,9.1176125,POINT (9.1176125 45.5752585),202008500-001,Fisico,pH,ph,Indicatore,12408-02-5,7.8,,Conforme,2020-07-16,2020,""VIA REPUBBLICA,SENAGO"",,7.8,unita,
030321,ATS DELLA CITTA' METROPOLITANA DI MILANO,RE015055XUR003,Punti rete,""Via Puccini, Casarile"",CASARILE,015055,MILANO,45.30991,9.10539,POINT (9.10539 45.30991),202003779-001,Fisico,pH,ph,Indicatore,12408-02-5,7.6,,Conforme,2020-04-09,2020,""VIA GIACOMO PUCCINI,CASARILE"",,7.6,unita,
030322,ATS DELL'INSUBRIA,RE013126XRR006,Punti rete,Via Gradisca 16,LEZZENO,013126,COMO,45.7086566,8.9127675,POINT (8.9127675 45.7086566),C201611,Chimico,Anioni,nitrati,Normato,,3.7,mg/l,Conforme,2020-06-18,2020,""Via Gradisca, 16"",,3.7,milligrammi per litro,
030321,ATS DELLA CITTA' METROPOLITANA DI MILANO,RE015230XUR072,Punti rete,FIUME TRATT.,VAPRIO D'ADDA,015230,MILANO,45.57672,9.52941,POINT (9.52941 45.57672),202002645-001,Chimico,Anioni,nitrati,Normato,,20.0,mg/l,Conforme,2020-03-04,2020,FIUME TRATT.,,20,milligrammi per litro,
030321,ATS DELLA CITTA' METROPOLITANA DI MILANO,RE0150779UM186,Punti rete,Via Giolitti,CINISELLO BALSAMO,015077,MILANO,45.5731,9.21631,POINT (9.21631 45.5731),202014698-001,Chimico,Anioni,nitrito,Normato,,0.05,mg/l,Conforme,2020-10-19,2020,VIA GIOVANNI GIOLITTI,,< 0.05,milligrammi per litro,<
030321,ATS DELLA CITTA' METROPOLITANA DI MILANO,RE0152099UM125,Punti rete,Via Garibaldi,SESTO SAN GIOVANNI,015209,MILANO,45.53546,9.2346,POINT (9.2346 45.53546),202007454-001,Chimico,Metalli,cromo,Normato,,6.0,µg/l,Conforme,2020-07-02,2020,VIA GIUSEPPE GARIBALDI,,6,microgrammi per litro,",What is the result of a given water sample for a given parameter?
WHOW,Quality parameters of drinking waters,,"codice_ente,ente_controllore,punto_prelievo,tipologia_punto_prelievo,indirizzo_punto_prelievo,comune_punto_prelievo,codice_comune,provincia_punto_prelievo,latitudine,longitudine,location,id_campione,macro_categoria_parametro,categoria_parametro,parametro,tipo_parametro,codice_parametro,risultato,unit_misura,esito,data_referto,anno_referto,indirizzo_di_georeferenziazione,frazione_punto_prelievo,valore_testuale,unita_di_misura_testuale,segno
030326,ATS DI BRESCIA,RE017120XU0004,Punti rete,,NUVOLERA,017120,BRESCIA,45.53332,10.37711,POINT (10.37711 45.53332),POT72160,Chimico,Solventi alogenati,bromoformio,Indicatore,,0.5,µg/l,Conforme,2020-11-10,2020,,,< 0.5,microgrammi per litro,<
030321,ATS DELLA CITTA' METROPOLITANA DI MILANO,RE0980319UC035,Punti rete,""Frazione Riolo, Lodi"",LODI,098031,LODI,45.33583,9.52028999,POINT (9.52028999 45.33583),202005892-001,Fisico,durezza,durezza,Indicatore,20001,27.0,fH,Conforme,2020-05-25,2020,""FRAZIONE RIOLO,LODI"",,27,gradi,
030321,ATS DELLA CITTA' METROPOLITANA DI MILANO,RE0150779UM104,Punti rete,Via Canzio,CINISELLO BALSAMO,015077,MILANO,45.5462927,9.2187177,POINT (9.2187177 45.5462927),202009115-001,Chimico,Anioni,nitrito,Normato,,0.05,mg/l,Conforme,2020-07-17,2020,VIA STEFANO CANZIO,,< 0.05,milligrammi per litro,<
030321,ATS DELLA CITTA' METROPOLITANA DI MILANO,RE0151829UM003,Punti rete,""Via Tacito, Rho"",RHO,015182,MILANO,45.5261617,9.0251269,POINT (9.0251269 45.5261617),202017368-001,Fisico,durezza,durezza,Indicatore,20001,18.0,fH,Conforme,2020-12-14,2020,""VIA CORNELIO TACITO,RHO"",,18,gradi,
030321,ATS DELLA CITTA' METROPOLITANA DI MILANO,RE0150779UM122,Punti rete,Via Galilei,CINISELLO BALSAMO,015077,MILANO,45.55498,9.24709,POINT (9.24709 45.55498),202005764-001,Chimico,Anioni,nitrito,Normato,,0.05,mg/l,Conforme,2020-05-27,2020,VIA GALILEO GALILEI,,< 0.05,milligrammi per litro,<
030321,ATS DELLA CITTA' METROPOLITANA DI MILANO,RE015211XRP003,Punti rete,,SETTIMO MILANESE,015211,MILANO,45.48312,9.0535,POINT (9.0535 45.48312),202003055-001,Fisico,conducibilita,conducibilita,Indicatore,3142-01-6,627.0,µS/cm,Conforme,2020-03-06,2020,,,627,microsiemens per centimetro,
030322,ATS DELL'INSUBRIA,RE012059XU0002,Punti rete,Via Valera Cimitero,CUGLIATE-FABIASCO,012059,VARESE,45.94788,8.82442,POINT (8.82442 45.94788),C201576,Fisico,pH,ph,Indicatore,12408-02-5,7.6,adimensionale,Conforme,2020-06-18,2020,VIA VALERA,,7.6,adimensionale,
030321,ATS DELLA CITTA' METROPOLITANA DI MILANO,RE0150779UM122,Punti rete,Via Galilei,CINISELLO BALSAMO,015077,MILANO,45.55498,9.24709,POINT (9.24709 45.55498),202009113-001,Chimico,Anioni,nitrati,Normato,,32.0,mg/l,Conforme,2020-07-17,2020,VIA GALILEO GALILEI,,32,milligrammi per litro,
030321,ATS DELLA CITTA' METROPOLITANA DI MILANO,RE0150819UM103,Punti rete,Via Piave,COLOGNO MONZESE,015081,MILANO,45.52813,9.28264,POINT (9.28264 45.52813),202016756-001,Chimico,Anioni,nitrito,Normato,,0.05,mg/l,Conforme,2020-12-02,2020,VIALE PIAVE,,< 0.05,milligrammi per litro,<
030323,ATS DELLA MONTAGNA,RE014043XU0475,Punti rete,""VIA ROMA, MESE"",MESE,014043,SONDRIO,46.3051352,9.3806182,POINT (9.3806182 46.3051352),C202626,Fisico,pH,ph,Indicatore,12408-02-5,8.0,adimensionale,Conforme,2020-10-05,2020,""VIA ROMA,MESE"",,8,adimensionale,
030321,ATS DELLA CITTA' METROPOLITANA DI MILANO,RE0150819UM001,Punti rete,Via Europa,COLOGNO MONZESE,015081,MILANO,45.51661,9.26275,POINT (9.26275 45.51661),202008733-001,Chimico,Metalli,cromo,Normato,,4.0,µg/l,Conforme,2020-07-30,2020,VIALE EUROPA,,4,microgrammi per litro,
030321,ATS DELLA CITTA' METROPOLITANA DI MILANO,RE0980319UC035,Punti rete,""Frazione Riolo, Lodi"",LODI,098031,LODI,45.33583,9.52028999,POINT (9.52028999 45.33583),202002636-001,Fisico,durezza,durezza,Indicatore,20001,30.0,fH,Conforme,2020-03-03,2020,""FRAZIONE RIOLO,LODI"",,30,gradi,
030321,ATS DELLA CITTA' METROPOLITANA DI MILANO,RE0150779UM181,Punti rete,Via Ariosto,CINISELLO BALSAMO,015077,MILANO,45.55784,9.20654,POINT (9.20654 45.55784),202006177-001,Chimico,Anioni,nitrati,Normato,,32.0,mg/l,Conforme,2020-05-28,2020,VIA LUDOVICO ARIOSTO,,32,milligrammi per litro,
030321,ATS DELLA CITTA' METROPOLITANA DI MILANO,RE098041XUR003,Punti rete,ARMADIETTO SAL - VIA TICINO,MULAZZANO,098041,LODI,45.35879,9.41630999,POINT (9.41630999 45.35879),202007716-001,Fisico,durezza,durezza,Indicatore,20001,30.0,fH,Conforme,2020-06-24,2020,VIA TICINO,,30,gradi,
030321,ATS DELLA CITTA' METROPOLITANA DI MILANO,RE098018XUR002,Punti rete,ARMADIETTO SAL - VIA DELLA CHIESA,CERVIGNANO D'ADDA,098018,LODI,45.37085,9.42156,POINT (9.42156 45.37085),202005505-001,Fisico,pH,ph,Indicatore,12408-02-5,7.5,,Conforme,2020-05-20,2020,VIA DELLA CHIESA,,7.5,unita,
030326,ATS DI BRESCIA,RE017188XU0004,Punti rete,,TRAVAGLIATO,017188,BRESCIA,45.52453,10.083,POINT (10.083 45.52453),POT67201,Chimico,Anioni,nitrati,Normato,,36.0,mg/l,Conforme,2020-03-31,2020,,,36,milligrammi per litro,
030321,ATS DELLA CITTA' METROPOLITANA DI MILANO,RE0152069UM002,Punti rete,""Via della Repubblica, Senago"",SENAGO,015206,MILANO,45.5752585,9.1176125,POINT (9.1176125 45.5752585),202008500-001,Fisico,pH,ph,Indicatore,12408-02-5,7.8,,Conforme,2020-07-16,2020,""VIA REPUBBLICA,SENAGO"",,7.8,unita,
030321,ATS DELLA CITTA' METROPOLITANA DI MILANO,RE015055XUR003,Punti rete,""Via Puccini, Casarile"",CASARILE,015055,MILANO,45.30991,9.10539,POINT (9.10539 45.30991),202003779-001,Fisico,pH,ph,Indicatore,12408-02-5,7.6,,Conforme,2020-04-09,2020,""VIA GIACOMO PUCCINI,CASARILE"",,7.6,unita,
030322,ATS DELL'INSUBRIA,RE013126XRR006,Punti rete,Via Gradisca 16,LEZZENO,013126,COMO,45.7086566,8.9127675,POINT (8.9127675 45.7086566),C201611,Chimico,Anioni,nitrati,Normato,,3.7,mg/l,Conforme,2020-06-18,2020,""Via Gradisca, 16"",,3.7,milligrammi per litro,
030321,ATS DELLA CITTA' METROPOLITANA DI MILANO,RE015230XUR072,Punti rete,FIUME TRATT.,VAPRIO D'ADDA,015230,MILANO,45.57672,9.52941,POINT (9.52941 45.57672),202002645-001,Chimico,Anioni,nitrati,Normato,,20.0,mg/l,Conforme,2020-03-04,2020,FIUME TRATT.,,20,milligrammi per litro,
030321,ATS DELLA CITTA' METROPOLITANA DI MILANO,RE0150779UM186,Punti rete,Via Giolitti,CINISELLO BALSAMO,015077,MILANO,45.5731,9.21631,POINT (9.21631 45.5731),202014698-001,Chimico,Anioni,nitrito,Normato,,0.05,mg/l,Conforme,2020-10-19,2020,VIA GIOVANNI GIOLITTI,,< 0.05,milligrammi per litro,<
030321,ATS DELLA CITTA' METROPOLITANA DI MILANO,RE0152099UM125,Punti rete,Via Garibaldi,SESTO SAN GIOVANNI,015209,MILANO,45.53546,9.2346,POINT (9.2346 45.53546),202007454-001,Chimico,Metalli,cromo,Normato,,6.0,µg/l,Conforme,2020-07-02,2020,VIA GIUSEPPE GARIBALDI,,6,microgrammi per litro,",Which water samples have a result that is non-compliant for a given parameter?
WHOW,Quality parameters of drinking waters,,"codice_ente,ente_controllore,punto_prelievo,tipologia_punto_prelievo,indirizzo_punto_prelievo,comune_punto_prelievo,codice_comune,provincia_punto_prelievo,latitudine,longitudine,location,id_campione,macro_categoria_parametro,categoria_parametro,parametro,tipo_parametro,codice_parametro,risultato,unit_misura,esito,data_referto,anno_referto,indirizzo_di_georeferenziazione,frazione_punto_prelievo,valore_testuale,unita_di_misura_testuale,segno
030326,ATS DI BRESCIA,RE017120XU0004,Punti rete,,NUVOLERA,017120,BRESCIA,45.53332,10.37711,POINT (10.37711 45.53332),POT72160,Chimico,Solventi alogenati,bromoformio,Indicatore,,0.5,µg/l,Conforme,2020-11-10,2020,,,< 0.5,microgrammi per litro,<
030321,ATS DELLA CITTA' METROPOLITANA DI MILANO,RE0980319UC035,Punti rete,""Frazione Riolo, Lodi"",LODI,098031,LODI,45.33583,9.52028999,POINT (9.52028999 45.33583),202005892-001,Fisico,durezza,durezza,Indicatore,20001,27.0,fH,Conforme,2020-05-25,2020,""FRAZIONE RIOLO,LODI"",,27,gradi,
030321,ATS DELLA CITTA' METROPOLITANA DI MILANO,RE0150779UM104,Punti rete,Via Canzio,CINISELLO BALSAMO,015077,MILANO,45.5462927,9.2187177,POINT (9.2187177 45.5462927),202009115-001,Chimico,Anioni,nitrito,Normato,,0.05,mg/l,Conforme,2020-07-17,2020,VIA STEFANO CANZIO,,< 0.05,milligrammi per litro,<
030321,ATS DELLA CITTA' METROPOLITANA DI MILANO,RE0151829UM003,Punti rete,""Via Tacito, Rho"",RHO,015182,MILANO,45.5261617,9.0251269,POINT (9.0251269 45.5261617),202017368-001,Fisico,durezza,durezza,Indicatore,20001,18.0,fH,Conforme,2020-12-14,2020,""VIA CORNELIO TACITO,RHO"",,18,gradi,
030321,ATS DELLA CITTA' METROPOLITANA DI MILANO,RE0150779UM122,Punti rete,Via Galilei,CINISELLO BALSAMO,015077,MILANO,45.55498,9.24709,POINT (9.24709 45.55498),202005764-001,Chimico,Anioni,nitrito,Normato,,0.05,mg/l,Conforme,2020-05-27,2020,VIA GALILEO GALILEI,,< 0.05,milligrammi per litro,<
030321,ATS DELLA CITTA' METROPOLITANA DI MILANO,RE015211XRP003,Punti rete,,SETTIMO MILANESE,015211,MILANO,45.48312,9.0535,POINT (9.0535 45.48312),202003055-001,Fisico,conducibilita,conducibilita,Indicatore,3142-01-6,627.0,µS/cm,Conforme,2020-03-06,2020,,,627,microsiemens per centimetro,
030322,ATS DELL'INSUBRIA,RE012059XU0002,Punti rete,Via Valera Cimitero,CUGLIATE-FABIASCO,012059,VARESE,45.94788,8.82442,POINT (8.82442 45.94788),C201576,Fisico,pH,ph,Indicatore,12408-02-5,7.6,adimensionale,Conforme,2020-06-18,2020,VIA VALERA,,7.6,adimensionale,
030321,ATS DELLA CITTA' METROPOLITANA DI MILANO,RE0150779UM122,Punti rete,Via Galilei,CINISELLO BALSAMO,015077,MILANO,45.55498,9.24709,POINT (9.24709 45.55498),202009113-001,Chimico,Anioni,nitrati,Normato,,32.0,mg/l,Conforme,2020-07-17,2020,VIA GALILEO GALILEI,,32,milligrammi per litro,
030321,ATS DELLA CITTA' METROPOLITANA DI MILANO,RE0150819UM103,Punti rete,Via Piave,COLOGNO MONZESE,015081,MILANO,45.52813,9.28264,POINT (9.28264 45.52813),202016756-001,Chimico,Anioni,nitrito,Normato,,0.05,mg/l,Conforme,2020-12-02,2020,VIALE PIAVE,,< 0.05,milligrammi per litro,<
030323,ATS DELLA MONTAGNA,RE014043XU0475,Punti rete,""VIA ROMA, MESE"",MESE,014043,SONDRIO,46.3051352,9.3806182,POINT (9.3806182 46.3051352),C202626,Fisico,pH,ph,Indicatore,12408-02-5,8.0,adimensionale,Conforme,2020-10-05,2020,""VIA ROMA,MESE"",,8,adimensionale,
030321,ATS DELLA CITTA' METROPOLITANA DI MILANO,RE0150819UM001,Punti rete,Via Europa,COLOGNO MONZESE,015081,MILANO,45.51661,9.26275,POINT (9.26275 45.51661),202008733-001,Chimico,Metalli,cromo,Normato,,4.0,µg/l,Conforme,2020-07-30,2020,VIALE EUROPA,,4,microgrammi per litro,
030321,ATS DELLA CITTA' METROPOLITANA DI MILANO,RE0980319UC035,Punti rete,""Frazione Riolo, Lodi"",LODI,098031,LODI,45.33583,9.52028999,POINT (9.52028999 45.33583),202002636-001,Fisico,durezza,durezza,Indicatore,20001,30.0,fH,Conforme,2020-03-03,2020,""FRAZIONE RIOLO,LODI"",,30,gradi,
030321,ATS DELLA CITTA' METROPOLITANA DI MILANO,RE0150779UM181,Punti rete,Via Ariosto,CINISELLO BALSAMO,015077,MILANO,45.55784,9.20654,POINT (9.20654 45.55784),202006177-001,Chimico,Anioni,nitrati,Normato,,32.0,mg/l,Conforme,2020-05-28,2020,VIA LUDOVICO ARIOSTO,,32,milligrammi per litro,
030321,ATS DELLA CITTA' METROPOLITANA DI MILANO,RE098041XUR003,Punti rete,ARMADIETTO SAL - VIA TICINO,MULAZZANO,098041,LODI,45.35879,9.41630999,POINT (9.41630999 45.35879),202007716-001,Fisico,durezza,durezza,Indicatore,20001,30.0,fH,Conforme,2020-06-24,2020,VIA TICINO,,30,gradi,
030321,ATS DELLA CITTA' METROPOLITANA DI MILANO,RE098018XUR002,Punti rete,ARMADIETTO SAL - VIA DELLA CHIESA,CERVIGNANO D'ADDA,098018,LODI,45.37085,9.42156,POINT (9.42156 45.37085),202005505-001,Fisico,pH,ph,Indicatore,12408-02-5,7.5,,Conforme,2020-05-20,2020,VIA DELLA CHIESA,,7.5,unita,
030326,ATS DI BRESCIA,RE017188XU0004,Punti rete,,TRAVAGLIATO,017188,BRESCIA,45.52453,10.083,POINT (10.083 45.52453),POT67201,Chimico,Anioni,nitrati,Normato,,36.0,mg/l,Conforme,2020-03-31,2020,,,36,milligrammi per litro,
030321,ATS DELLA CITTA' METROPOLITANA DI MILANO,RE0152069UM002,Punti rete,""Via della Repubblica, Senago"",SENAGO,015206,MILANO,45.5752585,9.1176125,POINT (9.1176125 45.5752585),202008500-001,Fisico,pH,ph,Indicatore,12408-02-5,7.8,,Conforme,2020-07-16,2020,""VIA REPUBBLICA,SENAGO"",,7.8,unita,
030321,ATS DELLA CITTA' METROPOLITANA DI MILANO,RE015055XUR003,Punti rete,""Via Puccini, Casarile"",CASARILE,015055,MILANO,45.30991,9.10539,POINT (9.10539 45.30991),202003779-001,Fisico,pH,ph,Indicatore,12408-02-5,7.6,,Conforme,2020-04-09,2020,""VIA GIACOMO PUCCINI,CASARILE"",,7.6,unita,
030322,ATS DELL'INSUBRIA,RE013126XRR006,Punti rete,Via Gradisca 16,LEZZENO,013126,COMO,45.7086566,8.9127675,POINT (8.9127675 45.7086566),C201611,Chimico,Anioni,nitrati,Normato,,3.7,mg/l,Conforme,2020-06-18,2020,""Via Gradisca, 16"",,3.7,milligrammi per litro,
030321,ATS DELLA CITTA' METROPOLITANA DI MILANO,RE015230XUR072,Punti rete,FIUME TRATT.,VAPRIO D'ADDA,015230,MILANO,45.57672,9.52941,POINT (9.52941 45.57672),202002645-001,Chimico,Anioni,nitrati,Normato,,20.0,mg/l,Conforme,2020-03-04,2020,FIUME TRATT.,,20,milligrammi per litro,
030321,ATS DELLA CITTA' METROPOLITANA DI MILANO,RE0150779UM186,Punti rete,Via Giolitti,CINISELLO BALSAMO,015077,MILANO,45.5731,9.21631,POINT (9.21631 45.5731),202014698-001,Chimico,Anioni,nitrito,Normato,,0.05,mg/l,Conforme,2020-10-19,2020,VIA GIOVANNI GIOLITTI,,< 0.05,milligrammi per litro,<
030321,ATS DELLA CITTA' METROPOLITANA DI MILANO,RE0152099UM125,Punti rete,Via Garibaldi,SESTO SAN GIOVANNI,015209,MILANO,45.53546,9.2346,POINT (9.2346 45.53546),202007454-001,Chimico,Metalli,cromo,Normato,,6.0,µg/l,Conforme,2020-07-02,2020,VIA GIUSEPPE GARIBALDI,,6,microgrammi per litro,",How many water samples were taken in a given municipality during a given period?
WHOW,Quality parameters of drinking waters,,"codice_ente,ente_controllore,punto_prelievo,tipologia_punto_prelievo,indirizzo_punto_prelievo,comune_punto_prelievo,codice_comune,provincia_punto_prelievo,latitudine,longitudine,location,id_campione,macro_categoria_parametro,categoria_parametro,parametro,tipo_parametro,codice_parametro,risultato,unit_misura,esito,data_referto,anno_referto,indirizzo_di_georeferenziazione,frazione_punto_prelievo,valore_testuale,unita_di_misura_testuale,segno
030326,ATS DI BRESCIA,RE017120XU0004,Punti rete,,NUVOLERA,017120,BRESCIA,45.53332,10.37711,POINT (10.37711 45.53332),POT72160,Chimico,Solventi alogenati,bromoformio,Indicatore,,0.5,µg/l,Conforme,2020-11-10,2020,,,< 0.5,microgrammi per litro,<
030321,ATS DELLA CITTA' METROPOLITANA DI MILANO,RE0980319UC035,Punti rete,""Frazione Riolo, Lodi"",LODI,098031,LODI,45.33583,9.52028999,POINT (9.52028999 45.33583),202005892-001,Fisico,durezza,durezza,Indicatore,20001,27.0,fH,Conforme,2020-05-25,2020,""FRAZIONE RIOLO,LODI"",,27,gradi,
030321,ATS DELLA CITTA' METROPOLITANA DI MILANO,RE0150779UM104,Punti rete,Via Canzio,CINISELLO BALSAMO,015077,MILANO,45.5462927,9.2187177,POINT (9.2187177 45.5462927),202009115-001,Chimico,Anioni,nitrito,Normato,,0.05,mg/l,Conforme,2020-07-17,2020,VIA STEFANO CANZIO,,< 0.05,milligrammi per litro,<
030321,ATS DELLA CITTA' METROPOLITANA DI MILANO,RE0151829UM003,Punti rete,""Via Tacito, Rho"",RHO,015182,MILANO,45.5261617,9.0251269,POINT (9.0251269 45.5261617),202017368-001,Fisico,durezza,durezza,Indicatore,20001,18.0,fH,Conforme,2020-12-14,2020,""VIA CORNELIO TACITO,RHO"",,18,gradi,
030321,ATS DELLA CITTA' METROPOLITANA DI MILANO,RE0150779UM122,Punti rete,Via Galilei,CINISELLO BALSAMO,015077,MILANO,45.55498,9.24709,POINT (9.24709 45.55498),202005764-001,Chimico,Anioni,nitrito,Normato,,0.05,mg/l,Conforme,2020-05-27,2020,VIA GALILEO GALILEI,,< 0.05,milligrammi per litro,<
030321,ATS DELLA CITTA' METROPOLITANA DI MILANO,RE015211XRP003,Punti rete,,SETTIMO MILANESE,015211,MILANO,45.48312,9.0535,POINT (9.0535 45.48312),202003055-001,Fisico,conducibilita,conducibilita,Indicatore,3142-01-6,627.0,µS/cm,Conforme,2020-03-06,2020,,,627,microsiemens per centimetro,
030322,ATS DELL'INSUBRIA,RE012059XU0002,Punti rete,Via Valera Cimitero,CUGLIATE-FABIASCO,012059,VARESE,45.94788,8.82442,POINT (8.82442 45.94788),C201576,Fisico,pH,ph,Indicatore,12408-02-5,7.6,adimensionale,Conforme,2020-06-18,2020,VIA VALERA,,7.6,adimensionale,
030321,ATS DELLA CITTA' METROPOLITANA DI MILANO,RE0150779UM122,Punti rete,Via Galilei,CINISELLO BALSAMO,015077,MILANO,45.55498,9.24709,POINT (9.24709 45.55498),202009113-001,Chimico,Anioni,nitrati,Normato,,32.0,mg/l,Conforme,2020-07-17,2020,VIA GALILEO GALILEI,,32,milligrammi per litro,
030321,ATS DELLA CITTA' METROPOLITANA DI MILANO,RE0150819UM103,Punti rete,Via Piave,COLOGNO MONZESE,015081,MILANO,45.52813,9.28264,POINT (9.28264 45.52813),202016756-001,Chimico,Anioni,nitrito,Normato,,0.05,mg/l,Conforme,2020-12-02,2020,VIALE PIAVE,,< 0.05,milligrammi per litro,<
030323,ATS DELLA MONTAGNA,RE014043XU0475,Punti rete,""VIA ROMA, MESE"",MESE,014043,SONDRIO,46.3051352,9.3806182,POINT (9.3806182 46.3051352),C202626,Fisico,pH,ph,Indicatore,12408-02-5,8.0,adimensionale,Conforme,2020-10-05,2020,""VIA ROMA,MESE"",,8,adimensionale,
030321,ATS DELLA CITTA' METROPOLITANA DI MILANO,RE0150819UM001,Punti rete,Via Europa,COLOGNO MONZESE,015081,MILANO,45.51661,9.26275,POINT (9.26275 45.51661),202008733-001,Chimico,Metalli,cromo,Normato,,4.0,µg/l,Conforme,2020-07-30,2020,VIALE EUROPA,,4,microgrammi per litro,
030321,ATS DELLA CITTA' METROPOLITANA DI MILANO,RE0980319UC035,Punti rete,""Frazione Riolo, Lodi"",LODI,098031,LODI,45.33583,9.52028999,POINT (9.52028999 45.33583),202002636-001,Fisico,durezza,durezza,Indicatore,20001,30.0,fH,Conforme,2020-03-03,2020,""FRAZIONE RIOLO,LODI"",,30,gradi,
030321,ATS DELLA CITTA' METROPOLITANA DI MILANO,RE0150779UM181,Punti rete,Via Ariosto,CINISELLO BALSAMO,015077,MILANO,45.55784,9.20654,POINT (9.20654 45.55784),202006177-001,Chimico,Anioni,nitrati,Normato,,32.0,mg/l,Conforme,2020-05-28,2020,VIA LUDOVICO ARIOSTO,,32,milligrammi per litro,
030321,ATS DELLA CITTA' METROPOLITANA DI MILANO,RE098041XUR003,Punti rete,ARMADIETTO SAL - VIA TICINO,MULAZZANO,098041,LODI,45.35879,9.41630999,POINT (9.41630999 45.35879),202007716-001,Fisico,durezza,durezza,Indicatore,20001,30.0,fH,Conforme,2020-06-24,2020,VIA TICINO,,30,gradi,
030321,ATS DELLA CITTA' METROPOLITANA DI MILANO,RE098018XUR002,Punti rete,ARMADIETTO SAL - VIA DELLA CHIESA,CERVIGNANO D'ADDA,098018,LODI,45.37085,9.42156,POINT (9.42156 45.37085),202005505-001,Fisico,pH,ph,Indicatore,12408-02-5,7.5,,Conforme,2020-05-20,2020,VIA DELLA CHIESA,,7.5,unita,
030326,ATS DI BRESCIA,RE017188XU0004,Punti rete,,TRAVAGLIATO,017188,BRESCIA,45.52453,10.083,POINT (10.083 45.52453),POT67201,Chimico,Anioni,nitrati,Normato,,36.0,mg/l,Conforme,2020-03-31,2020,,,36,milligrammi per litro,
030321,ATS DELLA CITTA' METROPOLITANA DI MILANO,RE0152069UM002,Punti rete,""Via della Repubblica, Senago"",SENAGO,015206,MILANO,45.5752585,9.1176125,POINT (9.1176125 45.5752585),202008500-001,Fisico,pH,ph,Indicatore,12408-02-5,7.8,,Conforme,2020-07-16,2020,""VIA REPUBBLICA,SENAGO"",,7.8,unita,
030321,ATS DELLA CITTA' METROPOLITANA DI MILANO,RE015055XUR003,Punti rete,""Via Puccini, Casarile"",CASARILE,015055,MILANO,45.30991,9.10539,POINT (9.10539 45.30991),202003779-001,Fisico,pH,ph,Indicatore,12408-02-5,7.6,,Conforme,2020-04-09,2020,""VIA GIACOMO PUCCINI,CASARILE"",,7.6,unita,
030322,ATS DELL'INSUBRIA,RE013126XRR006,Punti rete,Via Gradisca 16,LEZZENO,013126,COMO,45.7086566,8.9127675,POINT (8.9127675 45.7086566),C201611,Chimico,Anioni,nitrati,Normato,,3.7,mg/l,Conforme,2020-06-18,2020,""Via Gradisca, 16"",,3.7,milligrammi per litro,
030321,ATS DELLA CITTA' METROPOLITANA DI MILANO,RE015230XUR072,Punti rete,FIUME TRATT.,VAPRIO D'ADDA,015230,MILANO,45.57672,9.52941,POINT (9.52941 45.57672),202002645-001,Chimico,Anioni,nitrati,Normato,,20.0,mg/l,Conforme,2020-03-04,2020,FIUME TRATT.,,20,milligrammi per litro,
030321,ATS DELLA CITTA' METROPOLITANA DI MILANO,RE0150779UM186,Punti rete,Via Giolitti,CINISELLO BALSAMO,015077,MILANO,45.5731,9.21631,POINT (9.21631 45.5731),202014698-001,Chimico,Anioni,nitrito,Normato,,0.05,mg/l,Conforme,2020-10-19,2020,VIA GIOVANNI GIOLITTI,,< 0.05,milligrammi per litro,<
030321,ATS DELLA CITTA' METROPOLITANA DI MILANO,RE0152099UM125,Punti rete,Via Garibaldi,SESTO SAN GIOVANNI,015209,MILANO,45.53546,9.2346,POINT (9.2346 45.53546),202007454-001,Chimico,Metalli,cromo,Normato,,6.0,µg/l,Conforme,2020-07-02,2020,VIA GIUSEPPE GARIBALDI,,6,microgrammi per litro,",What types of parameters are monitored for water quality in a given province?
WHOW,Quality parameters of drinking waters,,"codice_ente,ente_controllore,punto_prelievo,tipologia_punto_prelievo,indirizzo_punto_prelievo,comune_punto_prelievo,codice_comune,provincia_punto_prelievo,latitudine,longitudine,location,id_campione,macro_categoria_parametro,categoria_parametro,parametro,tipo_parametro,codice_parametro,risultato,unit_misura,esito,data_referto,anno_referto,indirizzo_di_georeferenziazione,frazione_punto_prelievo,valore_testuale,unita_di_misura_testuale,segno
030326,ATS DI BRESCIA,RE017120XU0004,Punti rete,,NUVOLERA,017120,BRESCIA,45.53332,10.37711,POINT (10.37711 45.53332),POT72160,Chimico,Solventi alogenati,bromoformio,Indicatore,,0.5,µg/l,Conforme,2020-11-10,2020,,,< 0.5,microgrammi per litro,<
030321,ATS DELLA CITTA' METROPOLITANA DI MILANO,RE0980319UC035,Punti rete,""Frazione Riolo, Lodi"",LODI,098031,LODI,45.33583,9.52028999,POINT (9.52028999 45.33583),202005892-001,Fisico,durezza,durezza,Indicatore,20001,27.0,fH,Conforme,2020-05-25,2020,""FRAZIONE RIOLO,LODI"",,27,gradi,
030321,ATS DELLA CITTA' METROPOLITANA DI MILANO,RE0150779UM104,Punti rete,Via Canzio,CINISELLO BALSAMO,015077,MILANO,45.5462927,9.2187177,POINT (9.2187177 45.5462927),202009115-001,Chimico,Anioni,nitrito,Normato,,0.05,mg/l,Conforme,2020-07-17,2020,VIA STEFANO CANZIO,,< 0.05,milligrammi per litro,<
030321,ATS DELLA CITTA' METROPOLITANA DI MILANO,RE0151829UM003,Punti rete,""Via Tacito, Rho"",RHO,015182,MILANO,45.5261617,9.0251269,POINT (9.0251269 45.5261617),202017368-001,Fisico,durezza,durezza,Indicatore,20001,18.0,fH,Conforme,2020-12-14,2020,""VIA CORNELIO TACITO,RHO"",,18,gradi,
030321,ATS DELLA CITTA' METROPOLITANA DI MILANO,RE0150779UM122,Punti rete,Via Galilei,CINISELLO BALSAMO,015077,MILANO,45.55498,9.24709,POINT (9.24709 45.55498),202005764-001,Chimico,Anioni,nitrito,Normato,,0.05,mg/l,Conforme,2020-05-27,2020,VIA GALILEO GALILEI,,< 0.05,milligrammi per litro,<
030321,ATS DELLA CITTA' METROPOLITANA DI MILANO,RE015211XRP003,Punti rete,,SETTIMO MILANESE,015211,MILANO,45.48312,9.0535,POINT (9.0535 45.48312),202003055-001,Fisico,conducibilita,conducibilita,Indicatore,3142-01-6,627.0,µS/cm,Conforme,2020-03-06,2020,,,627,microsiemens per centimetro,
030322,ATS DELL'INSUBRIA,RE012059XU0002,Punti rete,Via Valera Cimitero,CUGLIATE-FABIASCO,012059,VARESE,45.94788,8.82442,POINT (8.82442 45.94788),C201576,Fisico,pH,ph,Indicatore,12408-02-5,7.6,adimensionale,Conforme,2020-06-18,2020,VIA VALERA,,7.6,adimensionale,
030321,ATS DELLA CITTA' METROPOLITANA DI MILANO,RE0150779UM122,Punti rete,Via Galilei,CINISELLO BALSAMO,015077,MILANO,45.55498,9.24709,POINT (9.24709 45.55498),202009113-001,Chimico,Anioni,nitrati,Normato,,32.0,mg/l,Conforme,2020-07-17,2020,VIA GALILEO GALILEI,,32,milligrammi per litro,
030321,ATS DELLA CITTA' METROPOLITANA DI MILANO,RE0150819UM103,Punti rete,Via Piave,COLOGNO MONZESE,015081,MILANO,45.52813,9.28264,POINT (9.28264 45.52813),202016756-001,Chimico,Anioni,nitrito,Normato,,0.05,mg/l,Conforme,2020-12-02,2020,VIALE PIAVE,,< 0.05,milligrammi per litro,<
030323,ATS DELLA MONTAGNA,RE014043XU0475,Punti rete,""VIA ROMA, MESE"",MESE,014043,SONDRIO,46.3051352,9.3806182,POINT (9.3806182 46.3051352),C202626,Fisico,pH,ph,Indicatore,12408-02-5,8.0,adimensionale,Conforme,2020-10-05,2020,""VIA ROMA,MESE"",,8,adimensionale,
030321,ATS DELLA CITTA' METROPOLITANA DI MILANO,RE0150819UM001,Punti rete,Via Europa,COLOGNO MONZESE,015081,MILANO,45.51661,9.26275,POINT (9.26275 45.51661),202008733-001,Chimico,Metalli,cromo,Normato,,4.0,µg/l,Conforme,2020-07-30,2020,VIALE EUROPA,,4,microgrammi per litro,
030321,ATS DELLA CITTA' METROPOLITANA DI MILANO,RE0980319UC035,Punti rete,""Frazione Riolo, Lodi"",LODI,098031,LODI,45.33583,9.52028999,POINT (9.52028999 45.33583),202002636-001,Fisico,durezza,durezza,Indicatore,20001,30.0,fH,Conforme,2020-03-03,2020,""FRAZIONE RIOLO,LODI"",,30,gradi,
030321,ATS DELLA CITTA' METROPOLITANA DI MILANO,RE0150779UM181,Punti rete,Via Ariosto,CINISELLO BALSAMO,015077,MILANO,45.55784,9.20654,POINT (9.20654 45.55784),202006177-001,Chimico,Anioni,nitrati,Normato,,32.0,mg/l,Conforme,2020-05-28,2020,VIA LUDOVICO ARIOSTO,,32,milligrammi per litro,
030321,ATS DELLA CITTA' METROPOLITANA DI MILANO,RE098041XUR003,Punti rete,ARMADIETTO SAL - VIA TICINO,MULAZZANO,098041,LODI,45.35879,9.41630999,POINT (9.41630999 45.35879),202007716-001,Fisico,durezza,durezza,Indicatore,20001,30.0,fH,Conforme,2020-06-24,2020,VIA TICINO,,30,gradi,
030321,ATS DELLA CITTA' METROPOLITANA DI MILANO,RE098018XUR002,Punti rete,ARMADIETTO SAL - VIA DELLA CHIESA,CERVIGNANO D'ADDA,098018,LODI,45.37085,9.42156,POINT (9.42156 45.37085),202005505-001,Fisico,pH,ph,Indicatore,12408-02-5,7.5,,Conforme,2020-05-20,2020,VIA DELLA CHIESA,,7.5,unita,
030326,ATS DI BRESCIA,RE017188XU0004,Punti rete,,TRAVAGLIATO,017188,BRESCIA,45.52453,10.083,POINT (10.083 45.52453),POT67201,Chimico,Anioni,nitrati,Normato,,36.0,mg/l,Conforme,2020-03-31,2020,,,36,milligrammi per litro,
030321,ATS DELLA CITTA' METROPOLITANA DI MILANO,RE0152069UM002,Punti rete,""Via della Repubblica, Senago"",SENAGO,015206,MILANO,45.5752585,9.1176125,POINT (9.1176125 45.5752585),202008500-001,Fisico,pH,ph,Indicatore,12408-02-5,7.8,,Conforme,2020-07-16,2020,""VIA REPUBBLICA,SENAGO"",,7.8,unita,
030321,ATS DELLA CITTA' METROPOLITANA DI MILANO,RE015055XUR003,Punti rete,""Via Puccini, Casarile"",CASARILE,015055,MILANO,45.30991,9.10539,POINT (9.10539 45.30991),202003779-001,Fisico,pH,ph,Indicatore,12408-02-5,7.6,,Conforme,2020-04-09,2020,""VIA GIACOMO PUCCINI,CASARILE"",,7.6,unita,
030322,ATS DELL'INSUBRIA,RE013126XRR006,Punti rete,Via Gradisca 16,LEZZENO,013126,COMO,45.7086566,8.9127675,POINT (8.9127675 45.7086566),C201611,Chimico,Anioni,nitrati,Normato,,3.7,mg/l,Conforme,2020-06-18,2020,""Via Gradisca, 16"",,3.7,milligrammi per litro,
030321,ATS DELLA CITTA' METROPOLITANA DI MILANO,RE015230XUR072,Punti rete,FIUME TRATT.,VAPRIO D'ADDA,015230,MILANO,45.57672,9.52941,POINT (9.52941 45.57672),202002645-001,Chimico,Anioni,nitrati,Normato,,20.0,mg/l,Conforme,2020-03-04,2020,FIUME TRATT.,,20,milligrammi per litro,
030321,ATS DELLA CITTA' METROPOLITANA DI MILANO,RE0150779UM186,Punti rete,Via Giolitti,CINISELLO BALSAMO,015077,MILANO,45.5731,9.21631,POINT (9.21631 45.5731),202014698-001,Chimico,Anioni,nitrito,Normato,,0.05,mg/l,Conforme,2020-10-19,2020,VIA GIOVANNI GIOLITTI,,< 0.05,milligrammi per litro,<
030321,ATS DELLA CITTA' METROPOLITANA DI MILANO,RE0152099UM125,Punti rete,Via Garibaldi,SESTO SAN GIOVANNI,015209,MILANO,45.53546,9.2346,POINT (9.2346 45.53546),202007454-001,Chimico,Metalli,cromo,Normato,,6.0,µg/l,Conforme,2020-07-02,2020,VIA GIUSEPPE GARIBALDI,,6,microgrammi per litro,",What is the average result of a given parameter across all water samples in a given year?
WHOW,Quality parameters of drinking waters,,"codice_ente,ente_controllore,punto_prelievo,tipologia_punto_prelievo,indirizzo_punto_prelievo,comune_punto_prelievo,codice_comune,provincia_punto_prelievo,latitudine,longitudine,location,id_campione,macro_categoria_parametro,categoria_parametro,parametro,tipo_parametro,codice_parametro,risultato,unit_misura,esito,data_referto,anno_referto,indirizzo_di_georeferenziazione,frazione_punto_prelievo,valore_testuale,unita_di_misura_testuale,segno
030326,ATS DI BRESCIA,RE017120XU0004,Punti rete,,NUVOLERA,017120,BRESCIA,45.53332,10.37711,POINT (10.37711 45.53332),POT72160,Chimico,Solventi alogenati,bromoformio,Indicatore,,0.5,µg/l,Conforme,2020-11-10,2020,,,< 0.5,microgrammi per litro,<
030321,ATS DELLA CITTA' METROPOLITANA DI MILANO,RE0980319UC035,Punti rete,""Frazione Riolo, Lodi"",LODI,098031,LODI,45.33583,9.52028999,POINT (9.52028999 45.33583),202005892-001,Fisico,durezza,durezza,Indicatore,20001,27.0,fH,Conforme,2020-05-25,2020,""FRAZIONE RIOLO,LODI"",,27,gradi,
030321,ATS DELLA CITTA' METROPOLITANA DI MILANO,RE0150779UM104,Punti rete,Via Canzio,CINISELLO BALSAMO,015077,MILANO,45.5462927,9.2187177,POINT (9.2187177 45.5462927),202009115-001,Chimico,Anioni,nitrito,Normato,,0.05,mg/l,Conforme,2020-07-17,2020,VIA STEFANO CANZIO,,< 0.05,milligrammi per litro,<
030321,ATS DELLA CITTA' METROPOLITANA DI MILANO,RE0151829UM003,Punti rete,""Via Tacito, Rho"",RHO,015182,MILANO,45.5261617,9.0251269,POINT (9.0251269 45.5261617),202017368-001,Fisico,durezza,durezza,Indicatore,20001,18.0,fH,Conforme,2020-12-14,2020,""VIA CORNELIO TACITO,RHO"",,18,gradi,
030321,ATS DELLA CITTA' METROPOLITANA DI MILANO,RE0150779UM122,Punti rete,Via Galilei,CINISELLO BALSAMO,015077,MILANO,45.55498,9.24709,POINT (9.24709 45.55498),202005764-001,Chimico,Anioni,nitrito,Normato,,0.05,mg/l,Conforme,2020-05-27,2020,VIA GALILEO GALILEI,,< 0.05,milligrammi per litro,<
030321,ATS DELLA CITTA' METROPOLITANA DI MILANO,RE015211XRP003,Punti rete,,SETTIMO MILANESE,015211,MILANO,45.48312,9.0535,POINT (9.0535 45.48312),202003055-001,Fisico,conducibilita,conducibilita,Indicatore,3142-01-6,627.0,µS/cm,Conforme,2020-03-06,2020,,,627,microsiemens per centimetro,
030322,ATS DELL'INSUBRIA,RE012059XU0002,Punti rete,Via Valera Cimitero,CUGLIATE-FABIASCO,012059,VARESE,45.94788,8.82442,POINT (8.82442 45.94788),C201576,Fisico,pH,ph,Indicatore,12408-02-5,7.6,adimensionale,Conforme,2020-06-18,2020,VIA VALERA,,7.6,adimensionale,
030321,ATS DELLA CITTA' METROPOLITANA DI MILANO,RE0150779UM122,Punti rete,Via Galilei,CINISELLO BALSAMO,015077,MILANO,45.55498,9.24709,POINT (9.24709 45.55498),202009113-001,Chimico,Anioni,nitrati,Normato,,32.0,mg/l,Conforme,2020-07-17,2020,VIA GALILEO GALILEI,,32,milligrammi per litro,
030321,ATS DELLA CITTA' METROPOLITANA DI MILANO,RE0150819UM103,Punti rete,Via Piave,COLOGNO MONZESE,015081,MILANO,45.52813,9.28264,POINT (9.28264 45.52813),202016756-001,Chimico,Anioni,nitrito,Normato,,0.05,mg/l,Conforme,2020-12-02,2020,VIALE PIAVE,,< 0.05,milligrammi per litro,<
030323,ATS DELLA MONTAGNA,RE014043XU0475,Punti rete,""VIA ROMA, MESE"",MESE,014043,SONDRIO,46.3051352,9.3806182,POINT (9.3806182 46.3051352),C202626,Fisico,pH,ph,Indicatore,12408-02-5,8.0,adimensionale,Conforme,2020-10-05,2020,""VIA ROMA,MESE"",,8,adimensionale,
030321,ATS DELLA CITTA' METROPOLITANA DI MILANO,RE0150819UM001,Punti rete,Via Europa,COLOGNO MONZESE,015081,MILANO,45.51661,9.26275,POINT (9.26275 45.51661),202008733-001,Chimico,Metalli,cromo,Normato,,4.0,µg/l,Conforme,2020-07-30,2020,VIALE EUROPA,,4,microgrammi per litro,
030321,ATS DELLA CITTA' METROPOLITANA DI MILANO,RE0980319UC035,Punti rete,""Frazione Riolo, Lodi"",LODI,098031,LODI,45.33583,9.52028999,POINT (9.52028999 45.33583),202002636-001,Fisico,durezza,durezza,Indicatore,20001,30.0,fH,Conforme,2020-03-03,2020,""FRAZIONE RIOLO,LODI"",,30,gradi,
030321,ATS DELLA CITTA' METROPOLITANA DI MILANO,RE0150779UM181,Punti rete,Via Ariosto,CINISELLO BALSAMO,015077,MILANO,45.55784,9.20654,POINT (9.20654 45.55784),202006177-001,Chimico,Anioni,nitrati,Normato,,32.0,mg/l,Conforme,2020-05-28,2020,VIA LUDOVICO ARIOSTO,,32,milligrammi per litro,
030321,ATS DELLA CITTA' METROPOLITANA DI MILANO,RE098041XUR003,Punti rete,ARMADIETTO SAL - VIA TICINO,MULAZZANO,098041,LODI,45.35879,9.41630999,POINT (9.41630999 45.35879),202007716-001,Fisico,durezza,durezza,Indicatore,20001,30.0,fH,Conforme,2020-06-24,2020,VIA TICINO,,30,gradi,
030321,ATS DELLA CITTA' METROPOLITANA DI MILANO,RE098018XUR002,Punti rete,ARMADIETTO SAL - VIA DELLA CHIESA,CERVIGNANO D'ADDA,098018,LODI,45.37085,9.42156,POINT (9.42156 45.37085),202005505-001,Fisico,pH,ph,Indicatore,12408-02-5,7.5,,Conforme,2020-05-20,2020,VIA DELLA CHIESA,,7.5,unita,
030326,ATS DI BRESCIA,RE017188XU0004,Punti rete,,TRAVAGLIATO,017188,BRESCIA,45.52453,10.083,POINT (10.083 45.52453),POT67201,Chimico,Anioni,nitrati,Normato,,36.0,mg/l,Conforme,2020-03-31,2020,,,36,milligrammi per litro,
030321,ATS DELLA CITTA' METROPOLITANA DI MILANO,RE0152069UM002,Punti rete,""Via della Repubblica, Senago"",SENAGO,015206,MILANO,45.5752585,9.1176125,POINT (9.1176125 45.5752585),202008500-001,Fisico,pH,ph,Indicatore,12408-02-5,7.8,,Conforme,2020-07-16,2020,""VIA REPUBBLICA,SENAGO"",,7.8,unita,
030321,ATS DELLA CITTA' METROPOLITANA DI MILANO,RE015055XUR003,Punti rete,""Via Puccini, Casarile"",CASARILE,015055,MILANO,45.30991,9.10539,POINT (9.10539 45.30991),202003779-001,Fisico,pH,ph,Indicatore,12408-02-5,7.6,,Conforme,2020-04-09,2020,""VIA GIACOMO PUCCINI,CASARILE"",,7.6,unita,
030322,ATS DELL'INSUBRIA,RE013126XRR006,Punti rete,Via Gradisca 16,LEZZENO,013126,COMO,45.7086566,8.9127675,POINT (8.9127675 45.7086566),C201611,Chimico,Anioni,nitrati,Normato,,3.7,mg/l,Conforme,2020-06-18,2020,""Via Gradisca, 16"",,3.7,milligrammi per litro,
030321,ATS DELLA CITTA' METROPOLITANA DI MILANO,RE015230XUR072,Punti rete,FIUME TRATT.,VAPRIO D'ADDA,015230,MILANO,45.57672,9.52941,POINT (9.52941 45.57672),202002645-001,Chimico,Anioni,nitrati,Normato,,20.0,mg/l,Conforme,2020-03-04,2020,FIUME TRATT.,,20,milligrammi per litro,
030321,ATS DELLA CITTA' METROPOLITANA DI MILANO,RE0150779UM186,Punti rete,Via Giolitti,CINISELLO BALSAMO,015077,MILANO,45.5731,9.21631,POINT (9.21631 45.5731),202014698-001,Chimico,Anioni,nitrito,Normato,,0.05,mg/l,Conforme,2020-10-19,2020,VIA GIOVANNI GIOLITTI,,< 0.05,milligrammi per litro,<
030321,ATS DELLA CITTA' METROPOLITANA DI MILANO,RE0152099UM125,Punti rete,Via Garibaldi,SESTO SAN GIOVANNI,015209,MILANO,45.53546,9.2346,POINT (9.2346 45.53546),202007454-001,Chimico,Metalli,cromo,Normato,,6.0,µg/l,Conforme,2020-07-02,2020,VIA GIUSEPPE GARIBALDI,,6,microgrammi per litro,",Which municipalities have water samples that exceed the acceptable limits for a given parameter?
WHOW,Quality parameters of drinking waters,,"codice_ente,ente_controllore,punto_prelievo,tipologia_punto_prelievo,indirizzo_punto_prelievo,comune_punto_prelievo,codice_comune,provincia_punto_prelievo,latitudine,longitudine,location,id_campione,macro_categoria_parametro,categoria_parametro,parametro,tipo_parametro,codice_parametro,risultato,unit_misura,esito,data_referto,anno_referto,indirizzo_di_georeferenziazione,frazione_punto_prelievo,valore_testuale,unita_di_misura_testuale,segno
030326,ATS DI BRESCIA,RE017120XU0004,Punti rete,,NUVOLERA,017120,BRESCIA,45.53332,10.37711,POINT (10.37711 45.53332),POT72160,Chimico,Solventi alogenati,bromoformio,Indicatore,,0.5,µg/l,Conforme,2020-11-10,2020,,,< 0.5,microgrammi per litro,<
030321,ATS DELLA CITTA' METROPOLITANA DI MILANO,RE0980319UC035,Punti rete,""Frazione Riolo, Lodi"",LODI,098031,LODI,45.33583,9.52028999,POINT (9.52028999 45.33583),202005892-001,Fisico,durezza,durezza,Indicatore,20001,27.0,fH,Conforme,2020-05-25,2020,""FRAZIONE RIOLO,LODI"",,27,gradi,
030321,ATS DELLA CITTA' METROPOLITANA DI MILANO,RE0150779UM104,Punti rete,Via Canzio,CINISELLO BALSAMO,015077,MILANO,45.5462927,9.2187177,POINT (9.2187177 45.5462927),202009115-001,Chimico,Anioni,nitrito,Normato,,0.05,mg/l,Conforme,2020-07-17,2020,VIA STEFANO CANZIO,,< 0.05,milligrammi per litro,<
030321,ATS DELLA CITTA' METROPOLITANA DI MILANO,RE0151829UM003,Punti rete,""Via Tacito, Rho"",RHO,015182,MILANO,45.5261617,9.0251269,POINT (9.0251269 45.5261617),202017368-001,Fisico,durezza,durezza,Indicatore,20001,18.0,fH,Conforme,2020-12-14,2020,""VIA CORNELIO TACITO,RHO"",,18,gradi,
030321,ATS DELLA CITTA' METROPOLITANA DI MILANO,RE0150779UM122,Punti rete,Via Galilei,CINISELLO BALSAMO,015077,MILANO,45.55498,9.24709,POINT (9.24709 45.55498),202005764-001,Chimico,Anioni,nitrito,Normato,,0.05,mg/l,Conforme,2020-05-27,2020,VIA GALILEO GALILEI,,< 0.05,milligrammi per litro,<
030321,ATS DELLA CITTA' METROPOLITANA DI MILANO,RE015211XRP003,Punti rete,,SETTIMO MILANESE,015211,MILANO,45.48312,9.0535,POINT (9.0535 45.48312),202003055-001,Fisico,conducibilita,conducibilita,Indicatore,3142-01-6,627.0,µS/cm,Conforme,2020-03-06,2020,,,627,microsiemens per centimetro,
030322,ATS DELL'INSUBRIA,RE012059XU0002,Punti rete,Via Valera Cimitero,CUGLIATE-FABIASCO,012059,VARESE,45.94788,8.82442,POINT (8.82442 45.94788),C201576,Fisico,pH,ph,Indicatore,12408-02-5,7.6,adimensionale,Conforme,2020-06-18,2020,VIA VALERA,,7.6,adimensionale,
030321,ATS DELLA CITTA' METROPOLITANA DI MILANO,RE0150779UM122,Punti rete,Via Galilei,CINISELLO BALSAMO,015077,MILANO,45.55498,9.24709,POINT (9.24709 45.55498),202009113-001,Chimico,Anioni,nitrati,Normato,,32.0,mg/l,Conforme,2020-07-17,2020,VIA GALILEO GALILEI,,32,milligrammi per litro,
030321,ATS DELLA CITTA' METROPOLITANA DI MILANO,RE0150819UM103,Punti rete,Via Piave,COLOGNO MONZESE,015081,MILANO,45.52813,9.28264,POINT (9.28264 45.52813),202016756-001,Chimico,Anioni,nitrito,Normato,,0.05,mg/l,Conforme,2020-12-02,2020,VIALE PIAVE,,< 0.05,milligrammi per litro,<
030323,ATS DELLA MONTAGNA,RE014043XU0475,Punti rete,""VIA ROMA, MESE"",MESE,014043,SONDRIO,46.3051352,9.3806182,POINT (9.3806182 46.3051352),C202626,Fisico,pH,ph,Indicatore,12408-02-5,8.0,adimensionale,Conforme,2020-10-05,2020,""VIA ROMA,MESE"",,8,adimensionale,
030321,ATS DELLA CITTA' METROPOLITANA DI MILANO,RE0150819UM001,Punti rete,Via Europa,COLOGNO MONZESE,015081,MILANO,45.51661,9.26275,POINT (9.26275 45.51661),202008733-001,Chimico,Metalli,cromo,Normato,,4.0,µg/l,Conforme,2020-07-30,2020,VIALE EUROPA,,4,microgrammi per litro,
030321,ATS DELLA CITTA' METROPOLITANA DI MILANO,RE0980319UC035,Punti rete,""Frazione Riolo, Lodi"",LODI,098031,LODI,45.33583,9.52028999,POINT (9.52028999 45.33583),202002636-001,Fisico,durezza,durezza,Indicatore,20001,30.0,fH,Conforme,2020-03-03,2020,""FRAZIONE RIOLO,LODI"",,30,gradi,
030321,ATS DELLA CITTA' METROPOLITANA DI MILANO,RE0150779UM181,Punti rete,Via Ariosto,CINISELLO BALSAMO,015077,MILANO,45.55784,9.20654,POINT (9.20654 45.55784),202006177-001,Chimico,Anioni,nitrati,Normato,,32.0,mg/l,Conforme,2020-05-28,2020,VIA LUDOVICO ARIOSTO,,32,milligrammi per litro,
030321,ATS DELLA CITTA' METROPOLITANA DI MILANO,RE098041XUR003,Punti rete,ARMADIETTO SAL - VIA TICINO,MULAZZANO,098041,LODI,45.35879,9.41630999,POINT (9.41630999 45.35879),202007716-001,Fisico,durezza,durezza,Indicatore,20001,30.0,fH,Conforme,2020-06-24,2020,VIA TICINO,,30,gradi,
030321,ATS DELLA CITTA' METROPOLITANA DI MILANO,RE098018XUR002,Punti rete,ARMADIETTO SAL - VIA DELLA CHIESA,CERVIGNANO D'ADDA,098018,LODI,45.37085,9.42156,POINT (9.42156 45.37085),202005505-001,Fisico,pH,ph,Indicatore,12408-02-5,7.5,,Conforme,2020-05-20,2020,VIA DELLA CHIESA,,7.5,unita,
030326,ATS DI BRESCIA,RE017188XU0004,Punti rete,,TRAVAGLIATO,017188,BRESCIA,45.52453,10.083,POINT (10.083 45.52453),POT67201,Chimico,Anioni,nitrati,Normato,,36.0,mg/l,Conforme,2020-03-31,2020,,,36,milligrammi per litro,
030321,ATS DELLA CITTA' METROPOLITANA DI MILANO,RE0152069UM002,Punti rete,""Via della Repubblica, Senago"",SENAGO,015206,MILANO,45.5752585,9.1176125,POINT (9.1176125 45.5752585),202008500-001,Fisico,pH,ph,Indicatore,12408-02-5,7.8,,Conforme,2020-07-16,2020,""VIA REPUBBLICA,SENAGO"",,7.8,unita,
030321,ATS DELLA CITTA' METROPOLITANA DI MILANO,RE015055XUR003,Punti rete,""Via Puccini, Casarile"",CASARILE,015055,MILANO,45.30991,9.10539,POINT (9.10539 45.30991),202003779-001,Fisico,pH,ph,Indicatore,12408-02-5,7.6,,Conforme,2020-04-09,2020,""VIA GIACOMO PUCCINI,CASARILE"",,7.6,unita,
030322,ATS DELL'INSUBRIA,RE013126XRR006,Punti rete,Via Gradisca 16,LEZZENO,013126,COMO,45.7086566,8.9127675,POINT (8.9127675 45.7086566),C201611,Chimico,Anioni,nitrati,Normato,,3.7,mg/l,Conforme,2020-06-18,2020,""Via Gradisca, 16"",,3.7,milligrammi per litro,
030321,ATS DELLA CITTA' METROPOLITANA DI MILANO,RE015230XUR072,Punti rete,FIUME TRATT.,VAPRIO D'ADDA,015230,MILANO,45.57672,9.52941,POINT (9.52941 45.57672),202002645-001,Chimico,Anioni,nitrati,Normato,,20.0,mg/l,Conforme,2020-03-04,2020,FIUME TRATT.,,20,milligrammi per litro,
030321,ATS DELLA CITTA' METROPOLITANA DI MILANO,RE0150779UM186,Punti rete,Via Giolitti,CINISELLO BALSAMO,015077,MILANO,45.5731,9.21631,POINT (9.21631 45.5731),202014698-001,Chimico,Anioni,nitrito,Normato,,0.05,mg/l,Conforme,2020-10-19,2020,VIA GIOVANNI GIOLITTI,,< 0.05,milligrammi per litro,<
030321,ATS DELLA CITTA' METROPOLITANA DI MILANO,RE0152099UM125,Punti rete,Via Garibaldi,SESTO SAN GIOVANNI,015209,MILANO,45.53546,9.2346,POINT (9.2346 45.53546),202007454-001,Chimico,Metalli,cromo,Normato,,6.0,µg/l,Conforme,2020-07-02,2020,VIA GIUSEPPE GARIBALDI,,6,microgrammi per litro,",What are the coordinates of a given water sampling point?
WHOW,Quality parameters of drinking waters,,"codice_ente,ente_controllore,punto_prelievo,tipologia_punto_prelievo,indirizzo_punto_prelievo,comune_punto_prelievo,codice_comune,provincia_punto_prelievo,latitudine,longitudine,location,id_campione,macro_categoria_parametro,categoria_parametro,parametro,tipo_parametro,codice_parametro,risultato,unit_misura,esito,data_referto,anno_referto,indirizzo_di_georeferenziazione,frazione_punto_prelievo,valore_testuale,unita_di_misura_testuale,segno
030326,ATS DI BRESCIA,RE017120XU0004,Punti rete,,NUVOLERA,017120,BRESCIA,45.53332,10.37711,POINT (10.37711 45.53332),POT72160,Chimico,Solventi alogenati,bromoformio,Indicatore,,0.5,µg/l,Conforme,2020-11-10,2020,,,< 0.5,microgrammi per litro,<
030321,ATS DELLA CITTA' METROPOLITANA DI MILANO,RE0980319UC035,Punti rete,""Frazione Riolo, Lodi"",LODI,098031,LODI,45.33583,9.52028999,POINT (9.52028999 45.33583),202005892-001,Fisico,durezza,durezza,Indicatore,20001,27.0,fH,Conforme,2020-05-25,2020,""FRAZIONE RIOLO,LODI"",,27,gradi,
030321,ATS DELLA CITTA' METROPOLITANA DI MILANO,RE0150779UM104,Punti rete,Via Canzio,CINISELLO BALSAMO,015077,MILANO,45.5462927,9.2187177,POINT (9.2187177 45.5462927),202009115-001,Chimico,Anioni,nitrito,Normato,,0.05,mg/l,Conforme,2020-07-17,2020,VIA STEFANO CANZIO,,< 0.05,milligrammi per litro,<
030321,ATS DELLA CITTA' METROPOLITANA DI MILANO,RE0151829UM003,Punti rete,""Via Tacito, Rho"",RHO,015182,MILANO,45.5261617,9.0251269,POINT (9.0251269 45.5261617),202017368-001,Fisico,durezza,durezza,Indicatore,20001,18.0,fH,Conforme,2020-12-14,2020,""VIA CORNELIO TACITO,RHO"",,18,gradi,
030321,ATS DELLA CITTA' METROPOLITANA DI MILANO,RE0150779UM122,Punti rete,Via Galilei,CINISELLO BALSAMO,015077,MILANO,45.55498,9.24709,POINT (9.24709 45.55498),202005764-001,Chimico,Anioni,nitrito,Normato,,0.05,mg/l,Conforme,2020-05-27,2020,VIA GALILEO GALILEI,,< 0.05,milligrammi per litro,<
030321,ATS DELLA CITTA' METROPOLITANA DI MILANO,RE015211XRP003,Punti rete,,SETTIMO MILANESE,015211,MILANO,45.48312,9.0535,POINT (9.0535 45.48312),202003055-001,Fisico,conducibilita,conducibilita,Indicatore,3142-01-6,627.0,µS/cm,Conforme,2020-03-06,2020,,,627,microsiemens per centimetro,
030322,ATS DELL'INSUBRIA,RE012059XU0002,Punti rete,Via Valera Cimitero,CUGLIATE-FABIASCO,012059,VARESE,45.94788,8.82442,POINT (8.82442 45.94788),C201576,Fisico,pH,ph,Indicatore,12408-02-5,7.6,adimensionale,Conforme,2020-06-18,2020,VIA VALERA,,7.6,adimensionale,
030321,ATS DELLA CITTA' METROPOLITANA DI MILANO,RE0150779UM122,Punti rete,Via Galilei,CINISELLO BALSAMO,015077,MILANO,45.55498,9.24709,POINT (9.24709 45.55498),202009113-001,Chimico,Anioni,nitrati,Normato,,32.0,mg/l,Conforme,2020-07-17,2020,VIA GALILEO GALILEI,,32,milligrammi per litro,
030321,ATS DELLA CITTA' METROPOLITANA DI MILANO,RE0150819UM103,Punti rete,Via Piave,COLOGNO MONZESE,015081,MILANO,45.52813,9.28264,POINT (9.28264 45.52813),202016756-001,Chimico,Anioni,nitrito,Normato,,0.05,mg/l,Conforme,2020-12-02,2020,VIALE PIAVE,,< 0.05,milligrammi per litro,<
030323,ATS DELLA MONTAGNA,RE014043XU0475,Punti rete,""VIA ROMA, MESE"",MESE,014043,SONDRIO,46.3051352,9.3806182,POINT (9.3806182 46.3051352),C202626,Fisico,pH,ph,Indicatore,12408-02-5,8.0,adimensionale,Conforme,2020-10-05,2020,""VIA ROMA,MESE"",,8,adimensionale,
030321,ATS DELLA CITTA' METROPOLITANA DI MILANO,RE0150819UM001,Punti rete,Via Europa,COLOGNO MONZESE,015081,MILANO,45.51661,9.26275,POINT (9.26275 45.51661),202008733-001,Chimico,Metalli,cromo,Normato,,4.0,µg/l,Conforme,2020-07-30,2020,VIALE EUROPA,,4,microgrammi per litro,
030321,ATS DELLA CITTA' METROPOLITANA DI MILANO,RE0980319UC035,Punti rete,""Frazione Riolo, Lodi"",LODI,098031,LODI,45.33583,9.52028999,POINT (9.52028999 45.33583),202002636-001,Fisico,durezza,durezza,Indicatore,20001,30.0,fH,Conforme,2020-03-03,2020,""FRAZIONE RIOLO,LODI"",,30,gradi,
030321,ATS DELLA CITTA' METROPOLITANA DI MILANO,RE0150779UM181,Punti rete,Via Ariosto,CINISELLO BALSAMO,015077,MILANO,45.55784,9.20654,POINT (9.20654 45.55784),202006177-001,Chimico,Anioni,nitrati,Normato,,32.0,mg/l,Conforme,2020-05-28,2020,VIA LUDOVICO ARIOSTO,,32,milligrammi per litro,
030321,ATS DELLA CITTA' METROPOLITANA DI MILANO,RE098041XUR003,Punti rete,ARMADIETTO SAL - VIA TICINO,MULAZZANO,098041,LODI,45.35879,9.41630999,POINT (9.41630999 45.35879),202007716-001,Fisico,durezza,durezza,Indicatore,20001,30.0,fH,Conforme,2020-06-24,2020,VIA TICINO,,30,gradi,
030321,ATS DELLA CITTA' METROPOLITANA DI MILANO,RE098018XUR002,Punti rete,ARMADIETTO SAL - VIA DELLA CHIESA,CERVIGNANO D'ADDA,098018,LODI,45.37085,9.42156,POINT (9.42156 45.37085),202005505-001,Fisico,pH,ph,Indicatore,12408-02-5,7.5,,Conforme,2020-05-20,2020,VIA DELLA CHIESA,,7.5,unita,
030326,ATS DI BRESCIA,RE017188XU0004,Punti rete,,TRAVAGLIATO,017188,BRESCIA,45.52453,10.083,POINT (10.083 45.52453),POT67201,Chimico,Anioni,nitrati,Normato,,36.0,mg/l,Conforme,2020-03-31,2020,,,36,milligrammi per litro,
030321,ATS DELLA CITTA' METROPOLITANA DI MILANO,RE0152069UM002,Punti rete,""Via della Repubblica, Senago"",SENAGO,015206,MILANO,45.5752585,9.1176125,POINT (9.1176125 45.5752585),202008500-001,Fisico,pH,ph,Indicatore,12408-02-5,7.8,,Conforme,2020-07-16,2020,""VIA REPUBBLICA,SENAGO"",,7.8,unita,
030321,ATS DELLA CITTA' METROPOLITANA DI MILANO,RE015055XUR003,Punti rete,""Via Puccini, Casarile"",CASARILE,015055,MILANO,45.30991,9.10539,POINT (9.10539 45.30991),202003779-001,Fisico,pH,ph,Indicatore,12408-02-5,7.6,,Conforme,2020-04-09,2020,""VIA GIACOMO PUCCINI,CASARILE"",,7.6,unita,
030322,ATS DELL'INSUBRIA,RE013126XRR006,Punti rete,Via Gradisca 16,LEZZENO,013126,COMO,45.7086566,8.9127675,POINT (8.9127675 45.7086566),C201611,Chimico,Anioni,nitrati,Normato,,3.7,mg/l,Conforme,2020-06-18,2020,""Via Gradisca, 16"",,3.7,milligrammi per litro,
030321,ATS DELLA CITTA' METROPOLITANA DI MILANO,RE015230XUR072,Punti rete,FIUME TRATT.,VAPRIO D'ADDA,015230,MILANO,45.57672,9.52941,POINT (9.52941 45.57672),202002645-001,Chimico,Anioni,nitrati,Normato,,20.0,mg/l,Conforme,2020-03-04,2020,FIUME TRATT.,,20,milligrammi per litro,
030321,ATS DELLA CITTA' METROPOLITANA DI MILANO,RE0150779UM186,Punti rete,Via Giolitti,CINISELLO BALSAMO,015077,MILANO,45.5731,9.21631,POINT (9.21631 45.5731),202014698-001,Chimico,Anioni,nitrito,Normato,,0.05,mg/l,Conforme,2020-10-19,2020,VIA GIOVANNI GIOLITTI,,< 0.05,milligrammi per litro,<
030321,ATS DELLA CITTA' METROPOLITANA DI MILANO,RE0152099UM125,Punti rete,Via Garibaldi,SESTO SAN GIOVANNI,015209,MILANO,45.53546,9.2346,POINT (9.2346 45.53546),202007454-001,Chimico,Metalli,cromo,Normato,,6.0,µg/l,Conforme,2020-07-02,2020,VIA GIUSEPPE GARIBALDI,,6,microgrammi per litro,",What is the distribution of water quality results for a given parameter across different municipalities?
WHOW,Water level of the lakes,,"bacino_idrografico,""lago"",""corpo_idrico"",""provincia"",""comune"",""coord_x"",""coord_y"",""codice_stazione"",""descrizione_profondit"",""profondit"",""data_campionamento"",""parametro"",""valore_testuale"",""cas"",""wise"",""other"",""unita_di_misura"",""formula_parametro"",""unita_di_misura_testuale"",""segno"",""valore_numerico"",""anno""
Adda,""ANNONE EST"",""IT03POADAELN1LO"",""LC"",""Civate"",""527173"",""5072980"",""POADAELN1lo1"",""Lago di Annone est_superficie"",""0.5"",""02/21/2018 12:00:00 AM"",""2-Clorotoluene"",""<0,1"",""95-49-8"",,,""Âµg/l"",,""microgrammo per litro"",""<"",""0.1"",""2018""
Adda,""ANNONE EST"",""IT03POADAELN1LO"",""LC"",""Civate"",""527173"",""5072980"",""POADAELN1lo1"",""Lago di Annone est_superficie"",""0.5"",""02/21/2018 12:00:00 AM"",""4-Clorotoluene"",""<0,1"",""106-43-4"",,,""Âµg/l"",,""microgrammo per litro"",""<"",""0.1"",""2018""
Adda,""ANNONE EST"",""IT03POADAELN1LO"",""LC"",""Civate"",""527173"",""5072980"",""POADAELN1lo1"",""Lago di Annone est_superficie"",""0.5"",""02/21/2018 12:00:00 AM"",""AlcalinitÃ "",""2.754"",,,""71-52-3"",""meq/l"",,""millimoli per litro"",,""2.754"",""2018""
Adda,""ANNONE EST"",""IT03POADAELN1LO"",""LC"",""Civate"",""527173"",""5072980"",""POADAELN1lo1"",""Lago di Annone est_superficie"",""0.5"",""02/21/2018 12:00:00 AM"",""Arsenico"",""2"",""7440-38-2"",,,""Âµg/l"",,""microgrammo per litro"",,""2"",""2018""
Adda,""ANNONE EST"",""IT03POADAELN1LO"",""LC"",""Civate"",""527173"",""5072980"",""POADAELN1lo1"",""Lago di Annone est_superficie"",""0.5"",""02/21/2018 12:00:00 AM"",""Azoto ammoniacale"",""<0,02"",,,""14798-03-9"",""mg/l"",""N"",""milligrammo per litro"",""<"",""0.02"",""2018""
Adda,""ANNONE EST"",""IT03POADAELN1LO"",""LC"",""Civate"",""527173"",""5072980"",""POADAELN1lo1"",""Lago di Annone est_superficie"",""0.5"",""02/21/2018 12:00:00 AM"",""Azoto nitrico"",""0.25"",,,""14797-55-8"",""mg/l"",""N"",""milligrammo per litro"",,""0.25"",""2018""
Adda,""ANNONE EST"",""IT03POADAELN1LO"",""LC"",""Civate"",""527173"",""5072980"",""POADAELN1lo1"",""Lago di Annone est_superficie"",""0.5"",""02/21/2018 12:00:00 AM"",""Azoto nitroso"",""<0,02"",,,""14797-65-0"",""mg/l"",""N"",""milligrammo per litro"",""<"",""0.02"",""2018""
Adda,""ANNONE EST"",""IT03POADAELN1LO"",""LC"",""Civate"",""527173"",""5072980"",""POADAELN1lo1"",""Lago di Annone est_superficie"",""0.5"",""02/21/2018 12:00:00 AM"",""Azoto Totale"",""1"",,,""17778-88-0"",""mg/l"",""N"",""milligrammo per litro"",,""1"",""2018""
Adda,""ANNONE EST"",""IT03POADAELN1LO"",""LC"",""Civate"",""527173"",""5072980"",""POADAELN1lo1"",""Lago di Annone est_superficie"",""0.5"",""02/21/2018 12:00:00 AM"",""Benzene"",""<0,1"",""71-43-2"",,,""Âµg/l"",,""microgrammo per litro"",""<"",""0.1"",""2018""
Adda,""ANNONE EST"",""IT03POADAELN1LO"",""LC"",""Civate"",""527173"",""5072980"",""POADAELN1lo1"",""Lago di Annone est_superficie"",""0.5"",""02/21/2018 12:00:00 AM"",""Bromodiclorometano"",""<0,05"",""75-27-4"",,,""Âµg/l"",,""microgrammo per litro"",""<"",""0.05"",""2018""
Adda,""ANNONE EST"",""IT03POADAELN1LO"",""LC"",""Civate"",""527173"",""5072980"",""POADAELN1lo1"",""Lago di Annone est_superficie"",""0.5"",""02/21/2018 12:00:00 AM"",""Cadmio"",""<0,05"",""7440-43-9"",,,""Âµg/l"",,""microgrammo per litro"",""<"",""0.05"",""2018""
Adda,""ANNONE EST"",""IT03POADAELN1LO"",""LC"",""Civate"",""527173"",""5072980"",""POADAELN1lo1"",""Lago di Annone est_superficie"",""0.5"",""02/21/2018 12:00:00 AM"",""Calcio"",""40.4"",""7440-70-2"",,,""mg/l"",,""milligrammo per litro"",,""40.4"",""2018""
Adda,""ANNONE EST"",""IT03POADAELN1LO"",""LC"",""Civate"",""527173"",""5072980"",""POADAELN1lo1"",""Lago di Annone est_superficie"",""0.5"",""02/21/2018 12:00:00 AM"",""Cloruri"",""8.2"",,,""16887-00-6"",""mg/l"",""Cl"",""milligrammo per litro"",,""8.2"",""2018""",What are the water levels of a given lake during a given period?
WHOW,Water level of the lakes,,"bacino_idrografico,""lago"",""corpo_idrico"",""provincia"",""comune"",""coord_x"",""coord_y"",""codice_stazione"",""descrizione_profondit"",""profondit"",""data_campionamento"",""parametro"",""valore_testuale"",""cas"",""wise"",""other"",""unita_di_misura"",""formula_parametro"",""unita_di_misura_testuale"",""segno"",""valore_numerico"",""anno""
Adda,""ANNONE EST"",""IT03POADAELN1LO"",""LC"",""Civate"",""527173"",""5072980"",""POADAELN1lo1"",""Lago di Annone est_superficie"",""0.5"",""02/21/2018 12:00:00 AM"",""2-Clorotoluene"",""<0,1"",""95-49-8"",,,""Âµg/l"",,""microgrammo per litro"",""<"",""0.1"",""2018""
Adda,""ANNONE EST"",""IT03POADAELN1LO"",""LC"",""Civate"",""527173"",""5072980"",""POADAELN1lo1"",""Lago di Annone est_superficie"",""0.5"",""02/21/2018 12:00:00 AM"",""4-Clorotoluene"",""<0,1"",""106-43-4"",,,""Âµg/l"",,""microgrammo per litro"",""<"",""0.1"",""2018""
Adda,""ANNONE EST"",""IT03POADAELN1LO"",""LC"",""Civate"",""527173"",""5072980"",""POADAELN1lo1"",""Lago di Annone est_superficie"",""0.5"",""02/21/2018 12:00:00 AM"",""AlcalinitÃ "",""2.754"",,,""71-52-3"",""meq/l"",,""millimoli per litro"",,""2.754"",""2018""
Adda,""ANNONE EST"",""IT03POADAELN1LO"",""LC"",""Civate"",""527173"",""5072980"",""POADAELN1lo1"",""Lago di Annone est_superficie"",""0.5"",""02/21/2018 12:00:00 AM"",""Arsenico"",""2"",""7440-38-2"",,,""Âµg/l"",,""microgrammo per litro"",,""2"",""2018""
Adda,""ANNONE EST"",""IT03POADAELN1LO"",""LC"",""Civate"",""527173"",""5072980"",""POADAELN1lo1"",""Lago di Annone est_superficie"",""0.5"",""02/21/2018 12:00:00 AM"",""Azoto ammoniacale"",""<0,02"",,,""14798-03-9"",""mg/l"",""N"",""milligrammo per litro"",""<"",""0.02"",""2018""
Adda,""ANNONE EST"",""IT03POADAELN1LO"",""LC"",""Civate"",""527173"",""5072980"",""POADAELN1lo1"",""Lago di Annone est_superficie"",""0.5"",""02/21/2018 12:00:00 AM"",""Azoto nitrico"",""0.25"",,,""14797-55-8"",""mg/l"",""N"",""milligrammo per litro"",,""0.25"",""2018""
Adda,""ANNONE EST"",""IT03POADAELN1LO"",""LC"",""Civate"",""527173"",""5072980"",""POADAELN1lo1"",""Lago di Annone est_superficie"",""0.5"",""02/21/2018 12:00:00 AM"",""Azoto nitroso"",""<0,02"",,,""14797-65-0"",""mg/l"",""N"",""milligrammo per litro"",""<"",""0.02"",""2018""
Adda,""ANNONE EST"",""IT03POADAELN1LO"",""LC"",""Civate"",""527173"",""5072980"",""POADAELN1lo1"",""Lago di Annone est_superficie"",""0.5"",""02/21/2018 12:00:00 AM"",""Azoto Totale"",""1"",,,""17778-88-0"",""mg/l"",""N"",""milligrammo per litro"",,""1"",""2018""
Adda,""ANNONE EST"",""IT03POADAELN1LO"",""LC"",""Civate"",""527173"",""5072980"",""POADAELN1lo1"",""Lago di Annone est_superficie"",""0.5"",""02/21/2018 12:00:00 AM"",""Benzene"",""<0,1"",""71-43-2"",,,""Âµg/l"",,""microgrammo per litro"",""<"",""0.1"",""2018""
Adda,""ANNONE EST"",""IT03POADAELN1LO"",""LC"",""Civate"",""527173"",""5072980"",""POADAELN1lo1"",""Lago di Annone est_superficie"",""0.5"",""02/21/2018 12:00:00 AM"",""Bromodiclorometano"",""<0,05"",""75-27-4"",,,""Âµg/l"",,""microgrammo per litro"",""<"",""0.05"",""2018""
Adda,""ANNONE EST"",""IT03POADAELN1LO"",""LC"",""Civate"",""527173"",""5072980"",""POADAELN1lo1"",""Lago di Annone est_superficie"",""0.5"",""02/21/2018 12:00:00 AM"",""Cadmio"",""<0,05"",""7440-43-9"",,,""Âµg/l"",,""microgrammo per litro"",""<"",""0.05"",""2018""
Adda,""ANNONE EST"",""IT03POADAELN1LO"",""LC"",""Civate"",""527173"",""5072980"",""POADAELN1lo1"",""Lago di Annone est_superficie"",""0.5"",""02/21/2018 12:00:00 AM"",""Calcio"",""40.4"",""7440-70-2"",,,""mg/l"",,""milligrammo per litro"",,""40.4"",""2018""
Adda,""ANNONE EST"",""IT03POADAELN1LO"",""LC"",""Civate"",""527173"",""5072980"",""POADAELN1lo1"",""Lago di Annone est_superficie"",""0.5"",""02/21/2018 12:00:00 AM"",""Cloruri"",""8.2"",,,""16887-00-6"",""mg/l"",""Cl"",""milligrammo per litro"",,""8.2"",""2018""",Which lakes are located in a given province?
WHOW,Water level of the lakes,,"bacino_idrografico,""lago"",""corpo_idrico"",""provincia"",""comune"",""coord_x"",""coord_y"",""codice_stazione"",""descrizione_profondit"",""profondit"",""data_campionamento"",""parametro"",""valore_testuale"",""cas"",""wise"",""other"",""unita_di_misura"",""formula_parametro"",""unita_di_misura_testuale"",""segno"",""valore_numerico"",""anno""
Adda,""ANNONE EST"",""IT03POADAELN1LO"",""LC"",""Civate"",""527173"",""5072980"",""POADAELN1lo1"",""Lago di Annone est_superficie"",""0.5"",""02/21/2018 12:00:00 AM"",""2-Clorotoluene"",""<0,1"",""95-49-8"",,,""Âµg/l"",,""microgrammo per litro"",""<"",""0.1"",""2018""
Adda,""ANNONE EST"",""IT03POADAELN1LO"",""LC"",""Civate"",""527173"",""5072980"",""POADAELN1lo1"",""Lago di Annone est_superficie"",""0.5"",""02/21/2018 12:00:00 AM"",""4-Clorotoluene"",""<0,1"",""106-43-4"",,,""Âµg/l"",,""microgrammo per litro"",""<"",""0.1"",""2018""
Adda,""ANNONE EST"",""IT03POADAELN1LO"",""LC"",""Civate"",""527173"",""5072980"",""POADAELN1lo1"",""Lago di Annone est_superficie"",""0.5"",""02/21/2018 12:00:00 AM"",""AlcalinitÃ "",""2.754"",,,""71-52-3"",""meq/l"",,""millimoli per litro"",,""2.754"",""2018""
Adda,""ANNONE EST"",""IT03POADAELN1LO"",""LC"",""Civate"",""527173"",""5072980"",""POADAELN1lo1"",""Lago di Annone est_superficie"",""0.5"",""02/21/2018 12:00:00 AM"",""Arsenico"",""2"",""7440-38-2"",,,""Âµg/l"",,""microgrammo per litro"",,""2"",""2018""
Adda,""ANNONE EST"",""IT03POADAELN1LO"",""LC"",""Civate"",""527173"",""5072980"",""POADAELN1lo1"",""Lago di Annone est_superficie"",""0.5"",""02/21/2018 12:00:00 AM"",""Azoto ammoniacale"",""<0,02"",,,""14798-03-9"",""mg/l"",""N"",""milligrammo per litro"",""<"",""0.02"",""2018""
Adda,""ANNONE EST"",""IT03POADAELN1LO"",""LC"",""Civate"",""527173"",""5072980"",""POADAELN1lo1"",""Lago di Annone est_superficie"",""0.5"",""02/21/2018 12:00:00 AM"",""Azoto nitrico"",""0.25"",,,""14797-55-8"",""mg/l"",""N"",""milligrammo per litro"",,""0.25"",""2018""
Adda,""ANNONE EST"",""IT03POADAELN1LO"",""LC"",""Civate"",""527173"",""5072980"",""POADAELN1lo1"",""Lago di Annone est_superficie"",""0.5"",""02/21/2018 12:00:00 AM"",""Azoto nitroso"",""<0,02"",,,""14797-65-0"",""mg/l"",""N"",""milligrammo per litro"",""<"",""0.02"",""2018""
Adda,""ANNONE EST"",""IT03POADAELN1LO"",""LC"",""Civate"",""527173"",""5072980"",""POADAELN1lo1"",""Lago di Annone est_superficie"",""0.5"",""02/21/2018 12:00:00 AM"",""Azoto Totale"",""1"",,,""17778-88-0"",""mg/l"",""N"",""milligrammo per litro"",,""1"",""2018""
Adda,""ANNONE EST"",""IT03POADAELN1LO"",""LC"",""Civate"",""527173"",""5072980"",""POADAELN1lo1"",""Lago di Annone est_superficie"",""0.5"",""02/21/2018 12:00:00 AM"",""Benzene"",""<0,1"",""71-43-2"",,,""Âµg/l"",,""microgrammo per litro"",""<"",""0.1"",""2018""
Adda,""ANNONE EST"",""IT03POADAELN1LO"",""LC"",""Civate"",""527173"",""5072980"",""POADAELN1lo1"",""Lago di Annone est_superficie"",""0.5"",""02/21/2018 12:00:00 AM"",""Bromodiclorometano"",""<0,05"",""75-27-4"",,,""Âµg/l"",,""microgrammo per litro"",""<"",""0.05"",""2018""
Adda,""ANNONE EST"",""IT03POADAELN1LO"",""LC"",""Civate"",""527173"",""5072980"",""POADAELN1lo1"",""Lago di Annone est_superficie"",""0.5"",""02/21/2018 12:00:00 AM"",""Cadmio"",""<0,05"",""7440-43-9"",,,""Âµg/l"",,""microgrammo per litro"",""<"",""0.05"",""2018""
Adda,""ANNONE EST"",""IT03POADAELN1LO"",""LC"",""Civate"",""527173"",""5072980"",""POADAELN1lo1"",""Lago di Annone est_superficie"",""0.5"",""02/21/2018 12:00:00 AM"",""Calcio"",""40.4"",""7440-70-2"",,,""mg/l"",,""milligrammo per litro"",,""40.4"",""2018""
Adda,""ANNONE EST"",""IT03POADAELN1LO"",""LC"",""Civate"",""527173"",""5072980"",""POADAELN1lo1"",""Lago di Annone est_superficie"",""0.5"",""02/21/2018 12:00:00 AM"",""Cloruri"",""8.2"",,,""16887-00-6"",""mg/l"",""Cl"",""milligrammo per litro"",,""8.2"",""2018""",What parameters are measured in a given lake?
WHOW,Water level of the lakes,,"bacino_idrografico,""lago"",""corpo_idrico"",""provincia"",""comune"",""coord_x"",""coord_y"",""codice_stazione"",""descrizione_profondit"",""profondit"",""data_campionamento"",""parametro"",""valore_testuale"",""cas"",""wise"",""other"",""unita_di_misura"",""formula_parametro"",""unita_di_misura_testuale"",""segno"",""valore_numerico"",""anno""
Adda,""ANNONE EST"",""IT03POADAELN1LO"",""LC"",""Civate"",""527173"",""5072980"",""POADAELN1lo1"",""Lago di Annone est_superficie"",""0.5"",""02/21/2018 12:00:00 AM"",""2-Clorotoluene"",""<0,1"",""95-49-8"",,,""Âµg/l"",,""microgrammo per litro"",""<"",""0.1"",""2018""
Adda,""ANNONE EST"",""IT03POADAELN1LO"",""LC"",""Civate"",""527173"",""5072980"",""POADAELN1lo1"",""Lago di Annone est_superficie"",""0.5"",""02/21/2018 12:00:00 AM"",""4-Clorotoluene"",""<0,1"",""106-43-4"",,,""Âµg/l"",,""microgrammo per litro"",""<"",""0.1"",""2018""
Adda,""ANNONE EST"",""IT03POADAELN1LO"",""LC"",""Civate"",""527173"",""5072980"",""POADAELN1lo1"",""Lago di Annone est_superficie"",""0.5"",""02/21/2018 12:00:00 AM"",""AlcalinitÃ "",""2.754"",,,""71-52-3"",""meq/l"",,""millimoli per litro"",,""2.754"",""2018""
Adda,""ANNONE EST"",""IT03POADAELN1LO"",""LC"",""Civate"",""527173"",""5072980"",""POADAELN1lo1"",""Lago di Annone est_superficie"",""0.5"",""02/21/2018 12:00:00 AM"",""Arsenico"",""2"",""7440-38-2"",,,""Âµg/l"",,""microgrammo per litro"",,""2"",""2018""
Adda,""ANNONE EST"",""IT03POADAELN1LO"",""LC"",""Civate"",""527173"",""5072980"",""POADAELN1lo1"",""Lago di Annone est_superficie"",""0.5"",""02/21/2018 12:00:00 AM"",""Azoto ammoniacale"",""<0,02"",,,""14798-03-9"",""mg/l"",""N"",""milligrammo per litro"",""<"",""0.02"",""2018""
Adda,""ANNONE EST"",""IT03POADAELN1LO"",""LC"",""Civate"",""527173"",""5072980"",""POADAELN1lo1"",""Lago di Annone est_superficie"",""0.5"",""02/21/2018 12:00:00 AM"",""Azoto nitrico"",""0.25"",,,""14797-55-8"",""mg/l"",""N"",""milligrammo per litro"",,""0.25"",""2018""
Adda,""ANNONE EST"",""IT03POADAELN1LO"",""LC"",""Civate"",""527173"",""5072980"",""POADAELN1lo1"",""Lago di Annone est_superficie"",""0.5"",""02/21/2018 12:00:00 AM"",""Azoto nitroso"",""<0,02"",,,""14797-65-0"",""mg/l"",""N"",""milligrammo per litro"",""<"",""0.02"",""2018""
Adda,""ANNONE EST"",""IT03POADAELN1LO"",""LC"",""Civate"",""527173"",""5072980"",""POADAELN1lo1"",""Lago di Annone est_superficie"",""0.5"",""02/21/2018 12:00:00 AM"",""Azoto Totale"",""1"",,,""17778-88-0"",""mg/l"",""N"",""milligrammo per litro"",,""1"",""2018""
Adda,""ANNONE EST"",""IT03POADAELN1LO"",""LC"",""Civate"",""527173"",""5072980"",""POADAELN1lo1"",""Lago di Annone est_superficie"",""0.5"",""02/21/2018 12:00:00 AM"",""Benzene"",""<0,1"",""71-43-2"",,,""Âµg/l"",,""microgrammo per litro"",""<"",""0.1"",""2018""
Adda,""ANNONE EST"",""IT03POADAELN1LO"",""LC"",""Civate"",""527173"",""5072980"",""POADAELN1lo1"",""Lago di Annone est_superficie"",""0.5"",""02/21/2018 12:00:00 AM"",""Bromodiclorometano"",""<0,05"",""75-27-4"",,,""Âµg/l"",,""microgrammo per litro"",""<"",""0.05"",""2018""
Adda,""ANNONE EST"",""IT03POADAELN1LO"",""LC"",""Civate"",""527173"",""5072980"",""POADAELN1lo1"",""Lago di Annone est_superficie"",""0.5"",""02/21/2018 12:00:00 AM"",""Cadmio"",""<0,05"",""7440-43-9"",,,""Âµg/l"",,""microgrammo per litro"",""<"",""0.05"",""2018""
Adda,""ANNONE EST"",""IT03POADAELN1LO"",""LC"",""Civate"",""527173"",""5072980"",""POADAELN1lo1"",""Lago di Annone est_superficie"",""0.5"",""02/21/2018 12:00:00 AM"",""Calcio"",""40.4"",""7440-70-2"",,,""mg/l"",,""milligrammo per litro"",,""40.4"",""2018""
Adda,""ANNONE EST"",""IT03POADAELN1LO"",""LC"",""Civate"",""527173"",""5072980"",""POADAELN1lo1"",""Lago di Annone est_superficie"",""0.5"",""02/21/2018 12:00:00 AM"",""Cloruri"",""8.2"",,,""16887-00-6"",""mg/l"",""Cl"",""milligrammo per litro"",,""8.2"",""2018""",What is the depth of a given lake?
WHOW,Water level of the lakes,,"bacino_idrografico,""lago"",""corpo_idrico"",""provincia"",""comune"",""coord_x"",""coord_y"",""codice_stazione"",""descrizione_profondit"",""profondit"",""data_campionamento"",""parametro"",""valore_testuale"",""cas"",""wise"",""other"",""unita_di_misura"",""formula_parametro"",""unita_di_misura_testuale"",""segno"",""valore_numerico"",""anno""
Adda,""ANNONE EST"",""IT03POADAELN1LO"",""LC"",""Civate"",""527173"",""5072980"",""POADAELN1lo1"",""Lago di Annone est_superficie"",""0.5"",""02/21/2018 12:00:00 AM"",""2-Clorotoluene"",""<0,1"",""95-49-8"",,,""Âµg/l"",,""microgrammo per litro"",""<"",""0.1"",""2018""
Adda,""ANNONE EST"",""IT03POADAELN1LO"",""LC"",""Civate"",""527173"",""5072980"",""POADAELN1lo1"",""Lago di Annone est_superficie"",""0.5"",""02/21/2018 12:00:00 AM"",""4-Clorotoluene"",""<0,1"",""106-43-4"",,,""Âµg/l"",,""microgrammo per litro"",""<"",""0.1"",""2018""
Adda,""ANNONE EST"",""IT03POADAELN1LO"",""LC"",""Civate"",""527173"",""5072980"",""POADAELN1lo1"",""Lago di Annone est_superficie"",""0.5"",""02/21/2018 12:00:00 AM"",""AlcalinitÃ "",""2.754"",,,""71-52-3"",""meq/l"",,""millimoli per litro"",,""2.754"",""2018""
Adda,""ANNONE EST"",""IT03POADAELN1LO"",""LC"",""Civate"",""527173"",""5072980"",""POADAELN1lo1"",""Lago di Annone est_superficie"",""0.5"",""02/21/2018 12:00:00 AM"",""Arsenico"",""2"",""7440-38-2"",,,""Âµg/l"",,""microgrammo per litro"",,""2"",""2018""
Adda,""ANNONE EST"",""IT03POADAELN1LO"",""LC"",""Civate"",""527173"",""5072980"",""POADAELN1lo1"",""Lago di Annone est_superficie"",""0.5"",""02/21/2018 12:00:00 AM"",""Azoto ammoniacale"",""<0,02"",,,""14798-03-9"",""mg/l"",""N"",""milligrammo per litro"",""<"",""0.02"",""2018""
Adda,""ANNONE EST"",""IT03POADAELN1LO"",""LC"",""Civate"",""527173"",""5072980"",""POADAELN1lo1"",""Lago di Annone est_superficie"",""0.5"",""02/21/2018 12:00:00 AM"",""Azoto nitrico"",""0.25"",,,""14797-55-8"",""mg/l"",""N"",""milligrammo per litro"",,""0.25"",""2018""
Adda,""ANNONE EST"",""IT03POADAELN1LO"",""LC"",""Civate"",""527173"",""5072980"",""POADAELN1lo1"",""Lago di Annone est_superficie"",""0.5"",""02/21/2018 12:00:00 AM"",""Azoto nitroso"",""<0,02"",,,""14797-65-0"",""mg/l"",""N"",""milligrammo per litro"",""<"",""0.02"",""2018""
Adda,""ANNONE EST"",""IT03POADAELN1LO"",""LC"",""Civate"",""527173"",""5072980"",""POADAELN1lo1"",""Lago di Annone est_superficie"",""0.5"",""02/21/2018 12:00:00 AM"",""Azoto Totale"",""1"",,,""17778-88-0"",""mg/l"",""N"",""milligrammo per litro"",,""1"",""2018""
Adda,""ANNONE EST"",""IT03POADAELN1LO"",""LC"",""Civate"",""527173"",""5072980"",""POADAELN1lo1"",""Lago di Annone est_superficie"",""0.5"",""02/21/2018 12:00:00 AM"",""Benzene"",""<0,1"",""71-43-2"",,,""Âµg/l"",,""microgrammo per litro"",""<"",""0.1"",""2018""
Adda,""ANNONE EST"",""IT03POADAELN1LO"",""LC"",""Civate"",""527173"",""5072980"",""POADAELN1lo1"",""Lago di Annone est_superficie"",""0.5"",""02/21/2018 12:00:00 AM"",""Bromodiclorometano"",""<0,05"",""75-27-4"",,,""Âµg/l"",,""microgrammo per litro"",""<"",""0.05"",""2018""
Adda,""ANNONE EST"",""IT03POADAELN1LO"",""LC"",""Civate"",""527173"",""5072980"",""POADAELN1lo1"",""Lago di Annone est_superficie"",""0.5"",""02/21/2018 12:00:00 AM"",""Cadmio"",""<0,05"",""7440-43-9"",,,""Âµg/l"",,""microgrammo per litro"",""<"",""0.05"",""2018""
Adda,""ANNONE EST"",""IT03POADAELN1LO"",""LC"",""Civate"",""527173"",""5072980"",""POADAELN1lo1"",""Lago di Annone est_superficie"",""0.5"",""02/21/2018 12:00:00 AM"",""Calcio"",""40.4"",""7440-70-2"",,,""mg/l"",,""milligrammo per litro"",,""40.4"",""2018""
Adda,""ANNONE EST"",""IT03POADAELN1LO"",""LC"",""Civate"",""527173"",""5072980"",""POADAELN1lo1"",""Lago di Annone est_superficie"",""0.5"",""02/21/2018 12:00:00 AM"",""Cloruri"",""8.2"",,,""16887-00-6"",""mg/l"",""Cl"",""milligrammo per litro"",,""8.2"",""2018""",How many lakes are in a given basin?
WHOW,Water level of the lakes,,"bacino_idrografico,""lago"",""corpo_idrico"",""provincia"",""comune"",""coord_x"",""coord_y"",""codice_stazione"",""descrizione_profondit"",""profondit"",""data_campionamento"",""parametro"",""valore_testuale"",""cas"",""wise"",""other"",""unita_di_misura"",""formula_parametro"",""unita_di_misura_testuale"",""segno"",""valore_numerico"",""anno""
Adda,""ANNONE EST"",""IT03POADAELN1LO"",""LC"",""Civate"",""527173"",""5072980"",""POADAELN1lo1"",""Lago di Annone est_superficie"",""0.5"",""02/21/2018 12:00:00 AM"",""2-Clorotoluene"",""<0,1"",""95-49-8"",,,""Âµg/l"",,""microgrammo per litro"",""<"",""0.1"",""2018""
Adda,""ANNONE EST"",""IT03POADAELN1LO"",""LC"",""Civate"",""527173"",""5072980"",""POADAELN1lo1"",""Lago di Annone est_superficie"",""0.5"",""02/21/2018 12:00:00 AM"",""4-Clorotoluene"",""<0,1"",""106-43-4"",,,""Âµg/l"",,""microgrammo per litro"",""<"",""0.1"",""2018""
Adda,""ANNONE EST"",""IT03POADAELN1LO"",""LC"",""Civate"",""527173"",""5072980"",""POADAELN1lo1"",""Lago di Annone est_superficie"",""0.5"",""02/21/2018 12:00:00 AM"",""AlcalinitÃ "",""2.754"",,,""71-52-3"",""meq/l"",,""millimoli per litro"",,""2.754"",""2018""
Adda,""ANNONE EST"",""IT03POADAELN1LO"",""LC"",""Civate"",""527173"",""5072980"",""POADAELN1lo1"",""Lago di Annone est_superficie"",""0.5"",""02/21/2018 12:00:00 AM"",""Arsenico"",""2"",""7440-38-2"",,,""Âµg/l"",,""microgrammo per litro"",,""2"",""2018""
Adda,""ANNONE EST"",""IT03POADAELN1LO"",""LC"",""Civate"",""527173"",""5072980"",""POADAELN1lo1"",""Lago di Annone est_superficie"",""0.5"",""02/21/2018 12:00:00 AM"",""Azoto ammoniacale"",""<0,02"",,,""14798-03-9"",""mg/l"",""N"",""milligrammo per litro"",""<"",""0.02"",""2018""
Adda,""ANNONE EST"",""IT03POADAELN1LO"",""LC"",""Civate"",""527173"",""5072980"",""POADAELN1lo1"",""Lago di Annone est_superficie"",""0.5"",""02/21/2018 12:00:00 AM"",""Azoto nitrico"",""0.25"",,,""14797-55-8"",""mg/l"",""N"",""milligrammo per litro"",,""0.25"",""2018""
Adda,""ANNONE EST"",""IT03POADAELN1LO"",""LC"",""Civate"",""527173"",""5072980"",""POADAELN1lo1"",""Lago di Annone est_superficie"",""0.5"",""02/21/2018 12:00:00 AM"",""Azoto nitroso"",""<0,02"",,,""14797-65-0"",""mg/l"",""N"",""milligrammo per litro"",""<"",""0.02"",""2018""
Adda,""ANNONE EST"",""IT03POADAELN1LO"",""LC"",""Civate"",""527173"",""5072980"",""POADAELN1lo1"",""Lago di Annone est_superficie"",""0.5"",""02/21/2018 12:00:00 AM"",""Azoto Totale"",""1"",,,""17778-88-0"",""mg/l"",""N"",""milligrammo per litro"",,""1"",""2018""
Adda,""ANNONE EST"",""IT03POADAELN1LO"",""LC"",""Civate"",""527173"",""5072980"",""POADAELN1lo1"",""Lago di Annone est_superficie"",""0.5"",""02/21/2018 12:00:00 AM"",""Benzene"",""<0,1"",""71-43-2"",,,""Âµg/l"",,""microgrammo per litro"",""<"",""0.1"",""2018""
Adda,""ANNONE EST"",""IT03POADAELN1LO"",""LC"",""Civate"",""527173"",""5072980"",""POADAELN1lo1"",""Lago di Annone est_superficie"",""0.5"",""02/21/2018 12:00:00 AM"",""Bromodiclorometano"",""<0,05"",""75-27-4"",,,""Âµg/l"",,""microgrammo per litro"",""<"",""0.05"",""2018""
Adda,""ANNONE EST"",""IT03POADAELN1LO"",""LC"",""Civate"",""527173"",""5072980"",""POADAELN1lo1"",""Lago di Annone est_superficie"",""0.5"",""02/21/2018 12:00:00 AM"",""Cadmio"",""<0,05"",""7440-43-9"",,,""Âµg/l"",,""microgrammo per litro"",""<"",""0.05"",""2018""
Adda,""ANNONE EST"",""IT03POADAELN1LO"",""LC"",""Civate"",""527173"",""5072980"",""POADAELN1lo1"",""Lago di Annone est_superficie"",""0.5"",""02/21/2018 12:00:00 AM"",""Calcio"",""40.4"",""7440-70-2"",,,""mg/l"",,""milligrammo per litro"",,""40.4"",""2018""
Adda,""ANNONE EST"",""IT03POADAELN1LO"",""LC"",""Civate"",""527173"",""5072980"",""POADAELN1lo1"",""Lago di Annone est_superficie"",""0.5"",""02/21/2018 12:00:00 AM"",""Cloruri"",""8.2"",,,""16887-00-6"",""mg/l"",""Cl"",""milligrammo per litro"",,""8.2"",""2018""",What is the measurement unit for a given parameter?
WHOW,Water level of the lakes,,"bacino_idrografico,""lago"",""corpo_idrico"",""provincia"",""comune"",""coord_x"",""coord_y"",""codice_stazione"",""descrizione_profondit"",""profondit"",""data_campionamento"",""parametro"",""valore_testuale"",""cas"",""wise"",""other"",""unita_di_misura"",""formula_parametro"",""unita_di_misura_testuale"",""segno"",""valore_numerico"",""anno""
Adda,""ANNONE EST"",""IT03POADAELN1LO"",""LC"",""Civate"",""527173"",""5072980"",""POADAELN1lo1"",""Lago di Annone est_superficie"",""0.5"",""02/21/2018 12:00:00 AM"",""2-Clorotoluene"",""<0,1"",""95-49-8"",,,""Âµg/l"",,""microgrammo per litro"",""<"",""0.1"",""2018""
Adda,""ANNONE EST"",""IT03POADAELN1LO"",""LC"",""Civate"",""527173"",""5072980"",""POADAELN1lo1"",""Lago di Annone est_superficie"",""0.5"",""02/21/2018 12:00:00 AM"",""4-Clorotoluene"",""<0,1"",""106-43-4"",,,""Âµg/l"",,""microgrammo per litro"",""<"",""0.1"",""2018""
Adda,""ANNONE EST"",""IT03POADAELN1LO"",""LC"",""Civate"",""527173"",""5072980"",""POADAELN1lo1"",""Lago di Annone est_superficie"",""0.5"",""02/21/2018 12:00:00 AM"",""AlcalinitÃ "",""2.754"",,,""71-52-3"",""meq/l"",,""millimoli per litro"",,""2.754"",""2018""
Adda,""ANNONE EST"",""IT03POADAELN1LO"",""LC"",""Civate"",""527173"",""5072980"",""POADAELN1lo1"",""Lago di Annone est_superficie"",""0.5"",""02/21/2018 12:00:00 AM"",""Arsenico"",""2"",""7440-38-2"",,,""Âµg/l"",,""microgrammo per litro"",,""2"",""2018""
Adda,""ANNONE EST"",""IT03POADAELN1LO"",""LC"",""Civate"",""527173"",""5072980"",""POADAELN1lo1"",""Lago di Annone est_superficie"",""0.5"",""02/21/2018 12:00:00 AM"",""Azoto ammoniacale"",""<0,02"",,,""14798-03-9"",""mg/l"",""N"",""milligrammo per litro"",""<"",""0.02"",""2018""
Adda,""ANNONE EST"",""IT03POADAELN1LO"",""LC"",""Civate"",""527173"",""5072980"",""POADAELN1lo1"",""Lago di Annone est_superficie"",""0.5"",""02/21/2018 12:00:00 AM"",""Azoto nitrico"",""0.25"",,,""14797-55-8"",""mg/l"",""N"",""milligrammo per litro"",,""0.25"",""2018""
Adda,""ANNONE EST"",""IT03POADAELN1LO"",""LC"",""Civate"",""527173"",""5072980"",""POADAELN1lo1"",""Lago di Annone est_superficie"",""0.5"",""02/21/2018 12:00:00 AM"",""Azoto nitroso"",""<0,02"",,,""14797-65-0"",""mg/l"",""N"",""milligrammo per litro"",""<"",""0.02"",""2018""
Adda,""ANNONE EST"",""IT03POADAELN1LO"",""LC"",""Civate"",""527173"",""5072980"",""POADAELN1lo1"",""Lago di Annone est_superficie"",""0.5"",""02/21/2018 12:00:00 AM"",""Azoto Totale"",""1"",,,""17778-88-0"",""mg/l"",""N"",""milligrammo per litro"",,""1"",""2018""
Adda,""ANNONE EST"",""IT03POADAELN1LO"",""LC"",""Civate"",""527173"",""5072980"",""POADAELN1lo1"",""Lago di Annone est_superficie"",""0.5"",""02/21/2018 12:00:00 AM"",""Benzene"",""<0,1"",""71-43-2"",,,""Âµg/l"",,""microgrammo per litro"",""<"",""0.1"",""2018""
Adda,""ANNONE EST"",""IT03POADAELN1LO"",""LC"",""Civate"",""527173"",""5072980"",""POADAELN1lo1"",""Lago di Annone est_superficie"",""0.5"",""02/21/2018 12:00:00 AM"",""Bromodiclorometano"",""<0,05"",""75-27-4"",,,""Âµg/l"",,""microgrammo per litro"",""<"",""0.05"",""2018""
Adda,""ANNONE EST"",""IT03POADAELN1LO"",""LC"",""Civate"",""527173"",""5072980"",""POADAELN1lo1"",""Lago di Annone est_superficie"",""0.5"",""02/21/2018 12:00:00 AM"",""Cadmio"",""<0,05"",""7440-43-9"",,,""Âµg/l"",,""microgrammo per litro"",""<"",""0.05"",""2018""
Adda,""ANNONE EST"",""IT03POADAELN1LO"",""LC"",""Civate"",""527173"",""5072980"",""POADAELN1lo1"",""Lago di Annone est_superficie"",""0.5"",""02/21/2018 12:00:00 AM"",""Calcio"",""40.4"",""7440-70-2"",,,""mg/l"",,""milligrammo per litro"",,""40.4"",""2018""
Adda,""ANNONE EST"",""IT03POADAELN1LO"",""LC"",""Civate"",""527173"",""5072980"",""POADAELN1lo1"",""Lago di Annone est_superficie"",""0.5"",""02/21/2018 12:00:00 AM"",""Cloruri"",""8.2"",,,""16887-00-6"",""mg/l"",""Cl"",""milligrammo per litro"",,""8.2"",""2018""",What is the value of a given parameter in a specific lake during a given period?
WHOW,Water level of the lakes,,"bacino_idrografico,""lago"",""corpo_idrico"",""provincia"",""comune"",""coord_x"",""coord_y"",""codice_stazione"",""descrizione_profondit"",""profondit"",""data_campionamento"",""parametro"",""valore_testuale"",""cas"",""wise"",""other"",""unita_di_misura"",""formula_parametro"",""unita_di_misura_testuale"",""segno"",""valore_numerico"",""anno""
Adda,""ANNONE EST"",""IT03POADAELN1LO"",""LC"",""Civate"",""527173"",""5072980"",""POADAELN1lo1"",""Lago di Annone est_superficie"",""0.5"",""02/21/2018 12:00:00 AM"",""2-Clorotoluene"",""<0,1"",""95-49-8"",,,""Âµg/l"",,""microgrammo per litro"",""<"",""0.1"",""2018""
Adda,""ANNONE EST"",""IT03POADAELN1LO"",""LC"",""Civate"",""527173"",""5072980"",""POADAELN1lo1"",""Lago di Annone est_superficie"",""0.5"",""02/21/2018 12:00:00 AM"",""4-Clorotoluene"",""<0,1"",""106-43-4"",,,""Âµg/l"",,""microgrammo per litro"",""<"",""0.1"",""2018""
Adda,""ANNONE EST"",""IT03POADAELN1LO"",""LC"",""Civate"",""527173"",""5072980"",""POADAELN1lo1"",""Lago di Annone est_superficie"",""0.5"",""02/21/2018 12:00:00 AM"",""AlcalinitÃ "",""2.754"",,,""71-52-3"",""meq/l"",,""millimoli per litro"",,""2.754"",""2018""
Adda,""ANNONE EST"",""IT03POADAELN1LO"",""LC"",""Civate"",""527173"",""5072980"",""POADAELN1lo1"",""Lago di Annone est_superficie"",""0.5"",""02/21/2018 12:00:00 AM"",""Arsenico"",""2"",""7440-38-2"",,,""Âµg/l"",,""microgrammo per litro"",,""2"",""2018""
Adda,""ANNONE EST"",""IT03POADAELN1LO"",""LC"",""Civate"",""527173"",""5072980"",""POADAELN1lo1"",""Lago di Annone est_superficie"",""0.5"",""02/21/2018 12:00:00 AM"",""Azoto ammoniacale"",""<0,02"",,,""14798-03-9"",""mg/l"",""N"",""milligrammo per litro"",""<"",""0.02"",""2018""
Adda,""ANNONE EST"",""IT03POADAELN1LO"",""LC"",""Civate"",""527173"",""5072980"",""POADAELN1lo1"",""Lago di Annone est_superficie"",""0.5"",""02/21/2018 12:00:00 AM"",""Azoto nitrico"",""0.25"",,,""14797-55-8"",""mg/l"",""N"",""milligrammo per litro"",,""0.25"",""2018""
Adda,""ANNONE EST"",""IT03POADAELN1LO"",""LC"",""Civate"",""527173"",""5072980"",""POADAELN1lo1"",""Lago di Annone est_superficie"",""0.5"",""02/21/2018 12:00:00 AM"",""Azoto nitroso"",""<0,02"",,,""14797-65-0"",""mg/l"",""N"",""milligrammo per litro"",""<"",""0.02"",""2018""
Adda,""ANNONE EST"",""IT03POADAELN1LO"",""LC"",""Civate"",""527173"",""5072980"",""POADAELN1lo1"",""Lago di Annone est_superficie"",""0.5"",""02/21/2018 12:00:00 AM"",""Azoto Totale"",""1"",,,""17778-88-0"",""mg/l"",""N"",""milligrammo per litro"",,""1"",""2018""
Adda,""ANNONE EST"",""IT03POADAELN1LO"",""LC"",""Civate"",""527173"",""5072980"",""POADAELN1lo1"",""Lago di Annone est_superficie"",""0.5"",""02/21/2018 12:00:00 AM"",""Benzene"",""<0,1"",""71-43-2"",,,""Âµg/l"",,""microgrammo per litro"",""<"",""0.1"",""2018""
Adda,""ANNONE EST"",""IT03POADAELN1LO"",""LC"",""Civate"",""527173"",""5072980"",""POADAELN1lo1"",""Lago di Annone est_superficie"",""0.5"",""02/21/2018 12:00:00 AM"",""Bromodiclorometano"",""<0,05"",""75-27-4"",,,""Âµg/l"",,""microgrammo per litro"",""<"",""0.05"",""2018""
Adda,""ANNONE EST"",""IT03POADAELN1LO"",""LC"",""Civate"",""527173"",""5072980"",""POADAELN1lo1"",""Lago di Annone est_superficie"",""0.5"",""02/21/2018 12:00:00 AM"",""Cadmio"",""<0,05"",""7440-43-9"",,,""Âµg/l"",,""microgrammo per litro"",""<"",""0.05"",""2018""
Adda,""ANNONE EST"",""IT03POADAELN1LO"",""LC"",""Civate"",""527173"",""5072980"",""POADAELN1lo1"",""Lago di Annone est_superficie"",""0.5"",""02/21/2018 12:00:00 AM"",""Calcio"",""40.4"",""7440-70-2"",,,""mg/l"",,""milligrammo per litro"",,""40.4"",""2018""
Adda,""ANNONE EST"",""IT03POADAELN1LO"",""LC"",""Civate"",""527173"",""5072980"",""POADAELN1lo1"",""Lago di Annone est_superficie"",""0.5"",""02/21/2018 12:00:00 AM"",""Cloruri"",""8.2"",,,""16887-00-6"",""mg/l"",""Cl"",""milligrammo per litro"",,""8.2"",""2018""",Which lakes have a specific water quality parameter exceeding a certain value?
