usage_scenario,project_count,rows_total,rows_mean,gold_unique_total,gold_unique_mean,hit_rate_mean,best_cosine_mean,best_cosine_median_mean,best_cosine_std_mean,best_cosine_min_mean,best_cosine_max_mean,avg_cosine_mean,avg_cosine_std_mean,precision_at_threshold_mean,matches_at_threshold_mean,matches_at_threshold_total,mean_num_generated,avg_bertscore_f1_mean,max_bertscore_f1_mean,judge_relevance_mean,judge_clarity_mean,judge_depth_mean,judge_overall_mean
datasets,2,25,12.5,25,12.5,0.23333333333333334,0.477405354877313,0.4755195751786232,0.10679858418474611,0.30124546587467194,0.6337167620658875,0.2614729672670364,0.06343546334446978,0.028888888888888884,0.5333333333333333,16,20.5,0.601598994158133,0.6627615183591843,4.645174093879977,4.883477124183006,3.6233612596553773,4.384004159239454
ontologies,11,593,53.90909090909091,591,53.72727272727273,0.07985475531114478,0.3687158519527477,0.36075143312866037,0.08340190794190742,0.19749640368602492,0.56396023793654,0.2136852125949552,0.05943401065379993,0.00841722494866511,0.13565910421894192,38,16.818181818181817,0.574181508804023,0.6224058448510659,4.63606199405621,4.618543064949995,3.94038285139099,4.398329303465732
pdfs,2,32,16.0,2,1.0,0.42272727272727273,0.5734750809994611,0.5777027010917664,0.06165898459094904,0.47346000373363495,0.7137513756752014,0.26626059331677177,0.03828046019530949,0.07664438502673795,1.2954545454545454,27,17.145454545454545,0.5948354756855851,0.7026944650845094,4.512281503111612,4.4853162624699,4.056170861087656,4.351256208889723
stories+datasets,1,9,9.0,9,9.0,0.3333333333333333,0.5303141872088114,0.564625084400177,0.17447250722924645,0.17049303650856018,0.7287810444831848,0.33969548841317493,0.13092423941678802,0.06666666666666667,1.3333333333333333,12,18.88888888888889,0.5944202978301931,0.6787682043181525,4.67962962962963,4.738888888888889,4.0018518518518515,4.473456790123457
stories+ontologies,1,95,95.0,95,95.0,0.3473684210526316,0.48698932450068627,0.5130088329315186,0.1716539368002255,0.06864461302757263,0.7621123790740967,0.30114982157063325,0.14270430754949429,0.03814035087719298,0.7263157894736842,69,18.557894736842105,0.5714947247194965,0.6295889716399343,4.691087719298245,4.718643274853801,3.6404444444444444,4.350058479532164
