Usage Scenario,rows,gold_unique,hit_rate,best_cosine_mean,best_cosine_median,best_cosine_std,best_cosine_min,best_cosine_max,avg_cosine_mean,avg_cosine_std,row_precision_mean,precision_at_threshold_mean,matches_at_threshold_mean,matches_at_threshold_sum,mean_num_generated,mean_gap,avg_bertscore_f1_mean,avg_bertscore_precision_mean,avg_bertscore_recall_mean,max_bertscore_f1_mean,judge_relevance_mean,judge_clarity_mean,judge_depth_mean,judge_overall_mean
datasets,34,34,0.29411764705882354,0.506968225188115,0.5264724791049957,0.1851321446955627,0.06868992745876312,0.8652520179748535,0.33868233881452503,0.1388218681813305,0.0823529411764706,0.0823529411764706,0.4117647058823529,14.0,5.0,0.16828588940860595,0.6583884361912222,,,0.712024029563455,4.547058823529412,4.805882352941176,3.476470588235294,4.276470588235294
ontologies,487,487,0.06365503080082136,0.33867855642365724,0.3073956370353699,0.15663521879671205,0.02964932471513748,0.7865241765975952,0.19788222577426678,0.11272045659963997,0.017659137577002052,0.017659137577002052,0.08829568788501027,43.0,5.0,0.1400904437550487,0.592899395387765,,,0.6397567503383762,4.37618069815195,4.597535934291581,3.626694045174538,4.200136892539357
pdfs,32,2,0.1875,0.3359686955809593,0.2918239235877991,0.20405001454817281,0.15007884800434113,0.7226516604423523,0.18129924964159724,0.08894387108059584,0.1,0.1,0.5,16.0,2.375,0.031064428668469188,0.5398677883710051,,,0.6140303360298276,3.68125,4.2875,3.1625,3.7104166666666667
stories,104,104,0.21153846153846154,0.45713786279352814,0.47376391291618347,0.17477437315532288,0.06868992745876312,0.8652520179748535,0.3270218922183491,0.15462616713061755,0.06923076923076923,0.06923076923076923,0.34615384615384615,36.0,5.0,0.12752015668016753,0.6156017125225984,,,0.6553321589644139,4.438461538461538,4.467307692307692,3.9750000000000005,4.293589743589743
