Usage Scenario,rows,gold_unique,hit_rate,best_cosine_mean,best_cosine_median,best_cosine_std,best_cosine_min,best_cosine_max,avg_cosine_mean,avg_cosine_std,row_precision_mean,precision_at_threshold_mean,matches_at_threshold_mean,matches_at_threshold_sum,mean_num_generated,mean_gap,avg_bertscore_f1_mean,avg_bertscore_precision_mean,avg_bertscore_recall_mean,max_bertscore_f1_mean,judge_relevance_mean,judge_clarity_mean,judge_depth_mean,judge_overall_mean
datasets,34,34,0.11764705882352941,0.37780540995299816,0.3599306792020798,0.16639739196481304,0.03349975869059563,0.7821159362792969,0.37780540995299816,0.166397391964813,0.11764705882352941,0.11764705882352941,0.11764705882352941,4,1.0,0.0,0.5986596985774881,,,0.5986596985774881,5.0,4.647058823529412,4.470588235294118,4.705882352941177
ontologies,487,487,0.014373716632443531,0.2552664512405038,0.22184833884239197,0.1693625491952572,-0.02691829949617386,0.703676164150238,0.2545119314597923,0.1698030542433141,0.014373716632443531,0.014373716632443531,0.014373716632443531,7,1.0,0.0,0.5951462902694757,,,0.5955234159556747,4.854209445585216,4.310061601642711,4.02258726899384,4.395619438740589
pdfs,32,2,0.125,0.4701772863045335,0.4990667849779129,0.11415893021980794,0.2870471179485321,0.6998916864395142,0.32154653407633305,0.08247899343055647,0.125,0.125,0.125,4,1.0,0.0,0.6306097703465781,,,0.6980489064007998,5.0,4.3125,4.625,4.645833333333334
stories,104,104,0.04807692307692308,0.3500246983379699,0.3916655480861664,0.16827555644921538,-0.02691829949617386,0.6766598224639893,0.34707451552654117,0.17190329060403414,0.04807692307692308,0.04807692307692308,0.04807692307692308,5,1.0,0.0,0.5692425108013245,,,0.5701312070282606,5.0,4.423076923076923,4.576923076923077,4.666666666666667
