Usage Scenario,rows,gold_unique,hit_rate,best_cosine_mean,best_cosine_median,best_cosine_std,best_cosine_min,best_cosine_max,avg_cosine_mean,avg_cosine_std,row_precision_mean,precision_at_threshold_mean,matches_at_threshold_mean,matches_at_threshold_sum,mean_num_generated,mean_gap,avg_bertscore_f1_mean,avg_bertscore_precision_mean,avg_bertscore_recall_mean,max_bertscore_f1_mean,judge_relevance_mean,judge_clarity_mean,judge_depth_mean,judge_overall_mean
datasets,34,34,0.058823529411764705,0.3709487356245518,0.3592729866504669,0.1458360010045834,0.10344039648771286,0.6938816905021667,0.3709487356245518,0.14583600100458344,0.058823529411764705,0.058823529411764705,0.058823529411764705,2,1.0,0.0,0.5913203542723375,,,0.5913203542723375,5.0,4.676470588235294,4.323529411764706,4.666666666666666
ontologies,487,487,0.04106776180698152,0.34504311539431615,0.3378525972366333,0.13890238824407378,-0.032713595777750015,0.764794111251831,0.2978077403229549,0.13019603051847703,0.015605749486652979,0.015605749486652979,0.053388090349075976,26,2.9466119096509242,0.04619895601931967,0.5858592475403016,,,0.6157305474398806,4.608213552361396,4.332238193018481,3.9913757700205337,4.310609171800137
pdfs,32,2,0.3125,0.6244167797267437,0.589043378829956,0.05330676146871047,0.589043378829956,0.7022382616996765,0.3631786685436964,0.004806813944458577,0.25,0.25,1.25,40,5.0,0.09715102314949038,0.6341050460008961,,,0.7380663864314556,4.6625,4.6,4.44375,4.56875
stories,104,104,0.038461538461538464,0.3709422113517156,0.4076664298772812,0.17372263735551155,-0.032713595777750015,0.6424301266670227,0.349060255013263,0.16877555244398268,0.023076923076923075,0.023076923076923075,0.038461538461538464,4,2.076923076923077,0.0184400789726239,0.5769219417698108,,,0.5842598421642413,5.0,4.384615384615385,4.6365384615384615,4.673717948717949
