usage_scenario,project_count,rows_total,rows_mean,gold_unique_total,gold_unique_mean,hit_rate_mean,best_cosine_mean,best_cosine_median_mean,best_cosine_std_mean,best_cosine_min_mean,best_cosine_max_mean,avg_cosine_mean,avg_cosine_std_mean,precision_at_threshold_mean,matches_at_threshold_mean,matches_at_threshold_total,mean_num_generated,avg_bertscore_f1_mean,max_bertscore_f1_mean,judge_relevance_mean,judge_clarity_mean,judge_depth_mean,judge_overall_mean
ontologies,11,593,53.90909090909091,591,53.72727272727273,0.04226362999182472,0.3055777909735798,0.2971674102273854,0.10853974076239234,0.10576127198609439,0.5848982442509044,0.2485321663340888,0.10155919153741143,0.023054157359431192,0.08164615416136714,17,3.590211869798556,0.5684420083935151,0.6039097110037247,4.569802155551918,4.495235742565529,3.9984465137821896,4.354494803966546
stories+ontologies,1,28,28.0,28,28.0,0.14285714285714285,0.4161009431949684,0.40535968542099,0.15159043362029115,0.10957430303096771,0.7905534505844116,0.3186221817242247,0.1285095397124685,0.042857142857142864,0.21428571428571427,6,4.535714285714286,0.6031368188737404,0.6505573881523949,4.835714285714286,4.627380952380952,4.128571428571428,4.530555555555556
